tag,lane,level,pitch,sku,variant,phase,step,y_bore,dz,gap,reachable,zc,q1,q2,q3,zc_ok,arm_env_mm3,arm_env_who,arm_nb_mm3,arm_nb_who,hand_env_mm3,hand_env_who,hand_nb_mm3,hand_nb_who,hand_bottle_mm3,hand_bottle_who,arm_bottle_mm3,arm_bottle_who,bottle_env_mm3,bottle_nb_mm3,pass,clr_hand_ceiling_mm,clr_arm_ceiling_mm,clr_hand_upper_level_mm,clr_arm_upper_level_mm
control_hand_raised_0.3_above_seat,3,0,318.0,pet_600_soda,flat,touch,0,365.2,0.3,30.5,True,481.7,40.8,98.4,-49.2,True,0.0,,0.0,,0.0,,0.0,,8.747,hand_jaw_B_C,0.0,,0.0,0.0,False,,,,
control_hand_raised_0.3_above_seat,3,0,318.0,pet_600_soda,flat,lipdrop,1,365.2,-2.0,30.5,True,479.4,40.8,98.4,-49.2,True,0.0,,0.0,,0.0,,0.0,,0.0,,0.0,,0.0,0.0,True,,,,
control_hand_raised_0.3_above_seat,3,0,318.0,pet_600_soda,flat,open,2,365.2,-2.0,49.0,True,479.4,40.8,98.4,-49.2,True,0.0,,0.0,,0.0,,0.0,,0.0,,0.0,,0.0,0.0,True,,,,
control_hand_raised_0.3_above_seat,3,0,318.0,pet_600_soda,flat,retreat_flat,3,326.6,-2.0,49.0,True,479.4,33.8,112.4,-56.2,True,0.0,,0.0,,0.0,,0.0,,0.0,,0.0,,0.0,0.0,True,,,,
control_hand_raised_0.3_above_seat,3,0,318.0,pet_600_soda,flat,retreat_flat,4,288.0,-2.0,49.0,True,479.4,27.4,125.2,-62.6,True,0.0,,0.0,,0.0,,0.0,,0.0,,0.0,,0.0,0.0,True,,,,
,1,0,287.0,pet_500,flat,touch,0,364.4,-0.0,30.5,True,454.4,79.2,82.2,-71.4,True,0.0,,0.0,,0.0,,0.0,,0.0,hand_jaw_B_C,0.0,,0.0,0.0,True,,,,
,1,0,287.0,pet_500,flat,lipdrop,1,364.4,-2.0,30.5,True,452.4,79.2,82.2,-71.4,True,0.0,,0.0,,0.0,,0.0,,0.0,,0.0,,0.0,0.0,True,,,,
,1,0,287.0,pet_500,flat,open,2,364.4,-2.0,49.0,True,452.4,79.2,82.2,-71.4,True,0.0,,0.0,,0.0,,0.0,,0.0,,0.0,,0.0,0.0,True,,,,
,1,0,287.0,pet_500,flat,retreat_flat,3,354.8,-2.0,49.0,True,452.4,78.4,85.7,-74.1,True,0.0,,0.0,,0.0,,0.0,,0.0,,0.0,,0.0,0.0,True,,,,
,1,0,287.0,pet_500,flat,retreat_flat,4,345.3,-2.0,49.0,True,452.4,77.7,89.0,-76.7,True,0.0,,0.0,,0.0,,0.0,,0.0,,0.0,,0.0,0.0,True,,,,
,1,0,287.0,pet_500,flat,retreat_flat,5,335.8,-2.0,49.0,True,452.4,77.1,92.3,-79.4,True,0.0,,0.0,,0.0,,0.0,,0.0,,0.0,,0.0,0.0,True,,,,
,1,0,287.0,pet_500,flat,retreat_flat,6,326.2,-2.0,49.0,True,452.4,76.7,95.4,-82.1,True,0.0,,0.0,,0.0,,0.0,,0.0,,0.0,,0.0,0.0,True,,,,
,1,0,287.0,pet_500,flat,retreat_flat,7,316.6,-2.0,49.0,True,452.4,76.4,98.4,-84.8,True,0.0,,0.0,,0.0,,0.0,,0.0,,0.0,,0.0,0.0,True,,,,
,1,0,287.0,pet_500,flat,retreat_flat,8,307.1,-2.0,49.0,True,452.4,76.2,101.3,-87.5,True,0.0,,0.0,,0.0,,0.0,,0.0,,0.0,,0.0,0.0,True,,,,
,1,0,287.0,pet_500,flat,retreat_flat,9,297.6,-2.0,49.0,True,452.4,76.1,104.1,-90.2,True,0.0,,0.0,,0.0,,0.0,,0.0,,0.0,,0.0,0.0,True,,,,
,1,0,287.0,pet_500,flat,retreat_flat,10,288.0,-2.0,49.0,True,452.4,76.2,106.7,-92.9,True,0.0,,0.0,,0.0,,0.0,,0.0,,0.0,,0.0,0.0,True,,,,
,1,0,287.0,pet_500,lift12,touch,0,364.4,-0.0,30.5,True,454.4,79.2,82.2,-71.4,True,0.0,,0.0,,0.0,,0.0,,0.0,hand_jaw_B_C,0.0,,0.0,0.0,True,,,,
,1,0,287.0,pet_500,lift12,lipdrop,1,364.4,-2.0,30.5,True,452.4,79.2,82.2,-71.4,True,0.0,,0.0,,0.0,,0.0,,0.0,,0.0,,0.0,0.0,True,,,,
,1,0,287.0,pet_500,lift12,open,2,364.4,-2.0,49.0,True,452.4,79.2,82.2,-71.4,True,0.0,,0.0,,0.0,,0.0,,0.0,,0.0,,0.0,0.0,True,,,,
,1,0,287.0,pet_500,lift12,retreat_lift12,3,354.8,-0.5,49.0,True,453.9,78.4,85.7,-74.1,True,0.0,,0.0,,0.0,,0.0,,0.0,,0.0,,0.0,0.0,True,,,,
,1,0,287.0,pet_500,lift12,retreat_lift12,4,345.3,1.0,49.0,True,455.4,77.7,89.0,-76.7,True,0.0,,0.0,,0.0,,0.0,,0.0,,0.0,,0.0,0.0,True,,,,
,1,0,287.0,pet_500,lift12,retreat_lift12,5,335.8,2.5,49.0,True,456.9,77.1,92.3,-79.4,True,0.0,,0.0,,0.0,,0.0,,0.0,,0.0,,0.0,0.0,True,,,,
,1,0,287.0,pet_500,lift12,retreat_lift12,6,326.2,4.0,49.0,True,458.4,76.7,95.4,-82.1,True,0.0,,0.0,,0.0,,0.0,,0.0,,0.0,,0.0,0.0,True,,,,
,1,0,287.0,pet_500,lift12,retreat_lift12,7,316.6,5.5,49.0,True,459.9,76.4,98.4,-84.8,True,0.0,,0.0,,0.0,,0.0,,0.0,,0.0,,0.0,0.0,True,,,,
,1,0,287.0,pet_500,lift12,retreat_lift12,8,307.1,7.0,49.0,True,461.4,76.2,101.3,-87.5,True,0.0,,0.0,,0.0,,0.0,,0.0,,0.0,,0.0,0.0,True,,,,
,1,0,287.0,pet_500,lift12,retreat_lift12,9,297.6,8.5,49.0,True,462.9,76.1,104.1,-90.2,True,0.0,,0.0,,0.0,,0.0,,0.0,,0.0,,0.0,0.0,True,,,,
,1,0,287.0,pet_500,lift12,retreat_lift12,10,288.0,10.0,49.0,True,464.4,76.2,106.7,-92.9,True,0.0,,0.0,,0.0,,0.0,,0.0,,0.0,,0.0,0.0,True,,,,
,1,0,287.0,pet_600_soda,flat,touch,0,365.2,-0.0,30.5,True,481.4,79.3,81.8,-71.1,True,0.0,,0.0,,0.0,,0.0,,0.0,,0.0,,0.0,0.0,True,,,,
,1,0,287.0,pet_600_soda,flat,lipdrop,1,365.2,-2.0,30.5,True,479.4,79.3,81.8,-71.1,True,0.0,,0.0,,0.0,,0.0,,0.0,,0.0,,0.0,0.0,True,,,,
,1,0,287.0,pet_600_soda,flat,open,2,365.2,-2.0,49.0,True,479.4,79.3,81.8,-71.1,True,0.0,,0.0,,0.0,,0.0,,0.0,,0.0,,0.0,0.0,True,,,,
,1,0,287.0,pet_600_soda,flat,retreat_flat,3,355.6,-2.0,49.0,True,479.4,78.4,85.4,-73.8,True,0.0,,0.0,,0.0,,0.0,,0.0,,0.0,,0.0,0.0,True,,,,
,1,0,287.0,pet_600_soda,flat,retreat_flat,4,345.9,-2.0,49.0,True,479.4,77.7,88.8,-76.6,True,0.0,,0.0,,0.0,,0.0,,0.0,,0.0,,0.0,0.0,True,,,,
,1,0,287.0,pet_600_soda,flat,retreat_flat,5,336.3,-2.0,49.0,True,479.4,77.1,92.1,-79.3,True,0.0,,0.0,,0.0,,0.0,,0.0,,0.0,,0.0,0.0,True,,,,
,1,0,287.0,pet_600_soda,flat,retreat_flat,6,326.6,-2.0,49.0,True,479.4,76.7,95.3,-82.0,True,0.0,,0.0,,0.0,,0.0,,0.0,,0.0,,0.0,0.0,True,,,,
,1,0,287.0,pet_600_soda,flat,retreat_flat,7,317.0,-2.0,49.0,True,479.4,76.4,98.3,-84.7,True,0.0,,0.0,,0.0,,0.0,,0.0,,0.0,,0.0,0.0,True,,,,
,1,0,287.0,pet_600_soda,flat,retreat_flat,8,307.3,-2.0,49.0,True,479.4,76.2,101.2,-87.4,True,0.0,,0.0,,0.0,,0.0,,0.0,,0.0,,0.0,0.0,True,,,,
,1,0,287.0,pet_600_soda,flat,retreat_flat,9,297.7,-2.0,49.0,True,479.4,76.1,104.0,-90.1,True,0.0,,0.0,,0.0,,0.0,,0.0,,0.0,,0.0,0.0,True,,,,
,1,0,287.0,pet_600_soda,flat,retreat_flat,10,288.0,-2.0,49.0,True,479.4,76.2,106.7,-92.9,True,0.0,,0.0,,0.0,,0.0,,0.0,,0.0,,0.0,0.0,True,,,,
,1,0,287.0,pet_600_soda,lift12,touch,0,365.2,-0.0,30.5,True,481.4,79.3,81.8,-71.1,True,0.0,,0.0,,0.0,,0.0,,0.0,,0.0,,0.0,0.0,True,,,,
,1,0,287.0,pet_600_soda,lift12,lipdrop,1,365.2,-2.0,30.5,True,479.4,79.3,81.8,-71.1,True,0.0,,0.0,,0.0,,0.0,,0.0,,0.0,,0.0,0.0,True,,,,
,1,0,287.0,pet_600_soda,lift12,open,2,365.2,-2.0,49.0,True,479.4,79.3,81.8,-71.1,True,0.0,,0.0,,0.0,,0.0,,0.0,,0.0,,0.0,0.0,True,,,,
,1,0,287.0,pet_600_soda,lift12,retreat_lift12,3,355.6,-0.5,49.0,True,480.9,78.4,85.4,-73.8,True,0.0,,0.0,,0.0,,0.0,,0.0,,0.0,,0.0,0.0,True,,,,
,1,0,287.0,pet_600_soda,lift12,retreat_lift12,4,345.9,1.0,49.0,True,482.4,77.7,88.8,-76.6,True,0.0,,0.0,,0.0,,0.0,,0.0,,0.0,,0.0,0.0,True,,,,
,1,0,287.0,pet_600_soda,lift12,retreat_lift12,5,336.3,2.5,49.0,True,483.9,77.1,92.1,-79.3,True,0.0,,0.0,,0.0,,0.0,,0.0,,0.0,,0.0,0.0,True,,,,
,1,0,287.0,pet_600_soda,lift12,retreat_lift12,6,326.6,4.0,49.0,True,485.4,76.7,95.3,-82.0,True,0.0,,0.0,,0.0,,0.0,,0.0,,0.0,,0.0,0.0,True,,,,
,1,0,287.0,pet_600_soda,lift12,retreat_lift12,7,317.0,5.5,49.0,True,486.9,76.4,98.3,-84.7,True,0.0,,0.0,,0.0,,0.0,,0.0,,0.0,,0.0,0.0,True,,,,
,1,0,287.0,pet_600_soda,lift12,retreat_lift12,8,307.3,7.0,49.0,True,488.4,76.2,101.2,-87.4,True,0.0,,0.0,,0.0,,0.0,,0.0,,0.0,,0.0,0.0,True,,,,
,1,0,287.0,pet_600_soda,lift12,retreat_lift12,9,297.7,8.5,49.0,True,489.9,76.1,104.0,-90.1,True,0.0,,0.0,,0.0,,0.0,,0.0,,0.0,,0.0,0.0,True,,,,
,1,0,287.0,pet_600_soda,lift12,retreat_lift12,10,288.0,10.0,49.0,True,491.4,76.2,106.7,-92.9,True,0.0,,0.0,,0.0,,0.0,,0.0,,0.0,,0.0,0.0,True,,,,
,1,0,318.0,pet_500,flat,touch,0,364.4,-0.0,30.5,True,454.4,79.2,82.2,-71.4,True,0.0,,0.0,,0.0,,0.0,,0.0,hand_jaw_B_C,0.0,,0.0,0.0,True,,,,
,1,0,318.0,pet_500,flat,lipdrop,1,364.4,-2.0,30.5,True,452.4,79.2,82.2,-71.4,True,0.0,,0.0,,0.0,,0.0,,0.0,,0.0,,0.0,0.0,True,,,,
,1,0,318.0,pet_500,flat,open,2,364.4,-2.0,49.0,True,452.4,79.2,82.2,-71.4,True,0.0,,0.0,,0.0,,0.0,,0.0,,0.0,,0.0,0.0,True,,,,
,1,0,318.0,pet_500,flat,retreat_flat,3,354.8,-2.0,49.0,True,452.4,78.4,85.7,-74.1,True,0.0,,0.0,,0.0,,0.0,,0.0,,0.0,,0.0,0.0,True,,,,
,1,0,318.0,pet_500,flat,retreat_flat,4,345.3,-2.0,49.0,True,452.4,77.7,89.0,-76.7,True,0.0,,0.0,,0.0,,0.0,,0.0,,0.0,,0.0,0.0,True,,,,
,1,0,318.0,pet_500,flat,retreat_flat,5,335.8,-2.0,49.0,True,452.4,77.1,92.3,-79.4,True,0.0,,0.0,,0.0,,0.0,,0.0,,0.0,,0.0,0.0,True,,,,
,1,0,318.0,pet_500,flat,retreat_flat,6,326.2,-2.0,49.0,True,452.4,76.7,95.4,-82.1,True,0.0,,0.0,,0.0,,0.0,,0.0,,0.0,,0.0,0.0,True,,,,
,1,0,318.0,pet_500,flat,retreat_flat,7,316.6,-2.0,49.0,True,452.4,76.4,98.4,-84.8,True,0.0,,0.0,,0.0,,0.0,,0.0,,0.0,,0.0,0.0,True,,,,
,1,0,318.0,pet_500,flat,retreat_flat,8,307.1,-2.0,49.0,True,452.4,76.2,101.3,-87.5,True,0.0,,0.0,,0.0,,0.0,,0.0,,0.0,,0.0,0.0,True,,,,
,1,0,318.0,pet_500,flat,retreat_flat,9,297.6,-2.0,49.0,True,452.4,76.1,104.1,-90.2,True,0.0,,0.0,,0.0,,0.0,,0.0,,0.0,,0.0,0.0,True,,,,
,1,0,318.0,pet_500,flat,retreat_flat,10,288.0,-2.0,49.0,True,452.4,76.2,106.7,-92.9,True,0.0,,0.0,,0.0,,0.0,,0.0,,0.0,,0.0,0.0,True,,,,
,1,0,318.0,pet_500,lift12,touch,0,364.4,-0.0,30.5,True,454.4,79.2,82.2,-71.4,True,0.0,,0.0,,0.0,,0.0,,0.0,hand_jaw_B_C,0.0,,0.0,0.0,True,,,,
,1,0,318.0,pet_500,lift12,lipdrop,1,364.4,-2.0,30.5,True,452.4,79.2,82.2,-71.4,True,0.0,,0.0,,0.0,,0.0,,0.0,,0.0,,0.0,0.0,True,,,,
,1,0,318.0,pet_500,lift12,open,2,364.4,-2.0,49.0,True,452.4,79.2,82.2,-71.4,True,0.0,,0.0,,0.0,,0.0,,0.0,,0.0,,0.0,0.0,True,,,,
,1,0,318.0,pet_500,lift12,retreat_lift12,3,354.8,-0.5,49.0,True,453.9,78.4,85.7,-74.1,True,0.0,,0.0,,0.0,,0.0,,0.0,,0.0,,0.0,0.0,True,,,,
,1,0,318.0,pet_500,lift12,retreat_lift12,4,345.3,1.0,49.0,True,455.4,77.7,89.0,-76.7,True,0.0,,0.0,,0.0,,0.0,,0.0,,0.0,,0.0,0.0,True,,,,
,1,0,318.0,pet_500,lift12,retreat_lift12,5,335.8,2.5,49.0,True,456.9,77.1,92.3,-79.4,True,0.0,,0.0,,0.0,,0.0,,0.0,,0.0,,0.0,0.0,True,,,,
,1,0,318.0,pet_500,lift12,retreat_lift12,6,326.2,4.0,49.0,True,458.4,76.7,95.4,-82.1,True,0.0,,0.0,,0.0,,0.0,,0.0,,0.0,,0.0,0.0,True,,,,
,1,0,318.0,pet_500,lift12,retreat_lift12,7,316.6,5.5,49.0,True,459.9,76.4,98.4,-84.8,True,0.0,,0.0,,0.0,,0.0,,0.0,,0.0,,0.0,0.0,True,,,,
,1,0,318.0,pet_500,lift12,retreat_lift12,8,307.1,7.0,49.0,True,461.4,76.2,101.3,-87.5,True,0.0,,0.0,,0.0,,0.0,,0.0,,0.0,,0.0,0.0,True,,,,
,1,0,318.0,pet_500,lift12,retreat_lift12,9,297.6,8.5,49.0,True,462.9,76.1,104.1,-90.2,True,0.0,,0.0,,0.0,,0.0,,0.0,,0.0,,0.0,0.0,True,,,,
,1,0,318.0,pet_500,lift12,retreat_lift12,10,288.0,10.0,49.0,True,464.4,76.2,106.7,-92.9,True,0.0,,0.0,,0.0,,0.0,,0.0,,0.0,,0.0,0.0,True,,,,
,1,0,318.0,pet_600_soda,flat,touch,0,365.2,-0.0,30.5,True,481.4,79.3,81.8,-71.1,True,0.0,,0.0,,0.0,,0.0,,0.0,,0.0,,0.0,0.0,True,,,,
,1,0,318.0,pet_600_soda,flat,lipdrop,1,365.2,-2.0,30.5,True,479.4,79.3,81.8,-71.1,True,0.0,,0.0,,0.0,,0.0,,0.0,,0.0,,0.0,0.0,True,,,,
,1,0,318.0,pet_600_soda,flat,open,2,365.2,-2.0,49.0,True,479.4,79.3,81.8,-71.1,True,0.0,,0.0,,0.0,,0.0,,0.0,,0.0,,0.0,0.0,True,,,,
,1,0,318.0,pet_600_soda,flat,retreat_flat,3,355.6,-2.0,49.0,True,479.4,78.4,85.4,-73.8,True,0.0,,0.0,,0.0,,0.0,,0.0,,0.0,,0.0,0.0,True,,,,
,1,0,318.0,pet_600_soda,flat,retreat_flat,4,345.9,-2.0,49.0,True,479.4,77.7,88.8,-76.6,True,0.0,,0.0,,0.0,,0.0,,0.0,,0.0,,0.0,0.0,True,,,,
,1,0,318.0,pet_600_soda,flat,retreat_flat,5,336.3,-2.0,49.0,True,479.4,77.1,92.1,-79.3,True,0.0,,0.0,,0.0,,0.0,,0.0,,0.0,,0.0,0.0,True,,,,
,1,0,318.0,pet_600_soda,flat,retreat_flat,6,326.6,-2.0,49.0,True,479.4,76.7,95.3,-82.0,True,0.0,,0.0,,0.0,,0.0,,0.0,,0.0,,0.0,0.0,True,,,,
,1,0,318.0,pet_600_soda,flat,retreat_flat,7,317.0,-2.0,49.0,True,479.4,76.4,98.3,-84.7,True,0.0,,0.0,,0.0,,0.0,,0.0,,0.0,,0.0,0.0,True,,,,
,1,0,318.0,pet_600_soda,flat,retreat_flat,8,307.3,-2.0,49.0,True,479.4,76.2,101.2,-87.4,True,0.0,,0.0,,0.0,,0.0,,0.0,,0.0,,0.0,0.0,True,,,,
,1,0,318.0,pet_600_soda,flat,retreat_flat,9,297.7,-2.0,49.0,True,479.4,76.1,104.0,-90.1,True,0.0,,0.0,,0.0,,0.0,,0.0,,0.0,,0.0,0.0,True,,,,
,1,0,318.0,pet_600_soda,flat,retreat_flat,10,288.0,-2.0,49.0,True,479.4,76.2,106.7,-92.9,True,0.0,,0.0,,0.0,,0.0,,0.0,,0.0,,0.0,0.0,True,,,,
,1,0,318.0,pet_600_soda,lift12,touch,0,365.2,-0.0,30.5,True,481.4,79.3,81.8,-71.1,True,0.0,,0.0,,0.0,,0.0,,0.0,,0.0,,0.0,0.0,True,,,,
,1,0,318.0,pet_600_soda,lift12,lipdrop,1,365.2,-2.0,30.5,True,479.4,79.3,81.8,-71.1,True,0.0,,0.0,,0.0,,0.0,,0.0,,0.0,,0.0,0.0,True,,,,
,1,0,318.0,pet_600_soda,lift12,open,2,365.2,-2.0,49.0,True,479.4,79.3,81.8,-71.1,True,0.0,,0.0,,0.0,,0.0,,0.0,,0.0,,0.0,0.0,True,,,,
,1,0,318.0,pet_600_soda,lift12,retreat_lift12,3,355.6,-0.5,49.0,True,480.9,78.4,85.4,-73.8,True,0.0,,0.0,,0.0,,0.0,,0.0,,0.0,,0.0,0.0,True,,,,
,1,0,318.0,pet_600_soda,lift12,retreat_lift12,4,345.9,1.0,49.0,True,482.4,77.7,88.8,-76.6,True,0.0,,0.0,,0.0,,0.0,,0.0,,0.0,,0.0,0.0,True,,,,
,1,0,318.0,pet_600_soda,lift12,retreat_lift12,5,336.3,2.5,49.0,True,483.9,77.1,92.1,-79.3,True,0.0,,0.0,,0.0,,0.0,,0.0,,0.0,,0.0,0.0,True,,,,
,1,0,318.0,pet_600_soda,lift12,retreat_lift12,6,326.6,4.0,49.0,True,485.4,76.7,95.3,-82.0,True,0.0,,0.0,,0.0,,0.0,,0.0,,0.0,,0.0,0.0,True,,,,
,1,0,318.0,pet_600_soda,lift12,retreat_lift12,7,317.0,5.5,49.0,True,486.9,76.4,98.3,-84.7,True,0.0,,0.0,,0.0,,0.0,,0.0,,0.0,,0.0,0.0,True,,,,
,1,0,318.0,pet_600_soda,lift12,retreat_lift12,8,307.3,7.0,49.0,True,488.4,76.2,101.2,-87.4,True,0.0,,0.0,,0.0,,0.0,,0.0,,0.0,,0.0,0.0,True,,,,
,1,0,318.0,pet_600_soda,lift12,retreat_lift12,9,297.7,8.5,49.0,True,489.9,76.1,104.0,-90.1,True,0.0,,0.0,,0.0,,0.0,,0.0,,0.0,,0.0,0.0,True,,,,
,1,0,318.0,pet_600_soda,lift12,retreat_lift12,10,288.0,10.0,49.0,True,491.4,76.2,106.7,-92.9,True,0.0,,0.0,,0.0,,0.0,,0.0,,0.0,,0.0,0.0,True,,,,
,1,0,381.0,pet_500,flat,touch,0,364.4,-0.0,30.5,True,454.4,79.2,82.2,-71.4,True,0.0,,0.0,,0.0,,0.0,,0.0,hand_jaw_B_C,0.0,,0.0,0.0,True,,,,
,1,0,381.0,pet_500,flat,lipdrop,1,364.4,-2.0,30.5,True,452.4,79.2,82.2,-71.4,True,0.0,,0.0,,0.0,,0.0,,0.0,,0.0,,0.0,0.0,True,,,,
,1,0,381.0,pet_500,flat,open,2,364.4,-2.0,49.0,True,452.4,79.2,82.2,-71.4,True,0.0,,0.0,,0.0,,0.0,,0.0,,0.0,,0.0,0.0,True,,,,
,1,0,381.0,pet_500,flat,retreat_flat,3,354.8,-2.0,49.0,True,452.4,78.4,85.7,-74.1,True,0.0,,0.0,,0.0,,0.0,,0.0,,0.0,,0.0,0.0,True,,,,
,1,0,381.0,pet_500,flat,retreat_flat,4,345.3,-2.0,49.0,True,452.4,77.7,89.0,-76.7,True,0.0,,0.0,,0.0,,0.0,,0.0,,0.0,,0.0,0.0,True,,,,
,1,0,381.0,pet_500,flat,retreat_flat,5,335.8,-2.0,49.0,True,452.4,77.1,92.3,-79.4,True,0.0,,0.0,,0.0,,0.0,,0.0,,0.0,,0.0,0.0,True,,,,
,1,0,381.0,pet_500,flat,retreat_flat,6,326.2,-2.0,49.0,True,452.4,76.7,95.4,-82.1,True,0.0,,0.0,,0.0,,0.0,,0.0,,0.0,,0.0,0.0,True,,,,
,1,0,381.0,pet_500,flat,retreat_flat,7,316.6,-2.0,49.0,True,452.4,76.4,98.4,-84.8,True,0.0,,0.0,,0.0,,0.0,,0.0,,0.0,,0.0,0.0,True,,,,
,1,0,381.0,pet_500,flat,retreat_flat,8,307.1,-2.0,49.0,True,452.4,76.2,101.3,-87.5,True,0.0,,0.0,,0.0,,0.0,,0.0,,0.0,,0.0,0.0,True,,,,
,1,0,381.0,pet_500,flat,retreat_flat,9,297.6,-2.0,49.0,True,452.4,76.1,104.1,-90.2,True,0.0,,0.0,,0.0,,0.0,,0.0,,0.0,,0.0,0.0,True,,,,
,1,0,381.0,pet_500,flat,retreat_flat,10,288.0,-2.0,49.0,True,452.4,76.2,106.7,-92.9,True,0.0,,0.0,,0.0,,0.0,,0.0,,0.0,,0.0,0.0,True,,,,
,1,0,381.0,pet_500,lift12,touch,0,364.4,-0.0,30.5,True,454.4,79.2,82.2,-71.4,True,0.0,,0.0,,0.0,,0.0,,0.0,hand_jaw_B_C,0.0,,0.0,0.0,True,,,,
,1,0,381.0,pet_500,lift12,lipdrop,1,364.4,-2.0,30.5,True,452.4,79.2,82.2,-71.4,True,0.0,,0.0,,0.0,,0.0,,0.0,,0.0,,0.0,0.0,True,,,,
,1,0,381.0,pet_500,lift12,open,2,364.4,-2.0,49.0,True,452.4,79.2,82.2,-71.4,True,0.0,,0.0,,0.0,,0.0,,0.0,,0.0,,0.0,0.0,True,,,,
,1,0,381.0,pet_500,lift12,retreat_lift12,3,354.8,-0.5,49.0,True,453.9,78.4,85.7,-74.1,True,0.0,,0.0,,0.0,,0.0,,0.0,,0.0,,0.0,0.0,True,,,,
,1,0,381.0,pet_500,lift12,retreat_lift12,4,345.3,1.0,49.0,True,455.4,77.7,89.0,-76.7,True,0.0,,0.0,,0.0,,0.0,,0.0,,0.0,,0.0,0.0,True,,,,
,1,0,381.0,pet_500,lift12,retreat_lift12,5,335.8,2.5,49.0,True,456.9,77.1,92.3,-79.4,True,0.0,,0.0,,0.0,,0.0,,0.0,,0.0,,0.0,0.0,True,,,,
,1,0,381.0,pet_500,lift12,retreat_lift12,6,326.2,4.0,49.0,True,458.4,76.7,95.4,-82.1,True,0.0,,0.0,,0.0,,0.0,,0.0,,0.0,,0.0,0.0,True,,,,
,1,0,381.0,pet_500,lift12,retreat_lift12,7,316.6,5.5,49.0,True,459.9,76.4,98.4,-84.8,True,0.0,,0.0,,0.0,,0.0,,0.0,,0.0,,0.0,0.0,True,,,,
,1,0,381.0,pet_500,lift12,retreat_lift12,8,307.1,7.0,49.0,True,461.4,76.2,101.3,-87.5,True,0.0,,0.0,,0.0,,0.0,,0.0,,0.0,,0.0,0.0,True,,,,
,1,0,381.0,pet_500,lift12,retreat_lift12,9,297.6,8.5,49.0,True,462.9,76.1,104.1,-90.2,True,0.0,,0.0,,0.0,,0.0,,0.0,,0.0,,0.0,0.0,True,,,,
,1,0,381.0,pet_500,lift12,retreat_lift12,10,288.0,10.0,49.0,True,464.4,76.2,106.7,-92.9,True,0.0,,0.0,,0.0,,0.0,,0.0,,0.0,,0.0,0.0,True,,,,
,1,0,381.0,pet_600_soda,flat,touch,0,365.2,-0.0,30.5,True,481.4,79.3,81.8,-71.1,True,0.0,,0.0,,0.0,,0.0,,0.0,,0.0,,0.0,0.0,True,,,,
,1,0,381.0,pet_600_soda,flat,lipdrop,1,365.2,-2.0,30.5,True,479.4,79.3,81.8,-71.1,True,0.0,,0.0,,0.0,,0.0,,0.0,,0.0,,0.0,0.0,True,,,,
,1,0,381.0,pet_600_soda,flat,open,2,365.2,-2.0,49.0,True,479.4,79.3,81.8,-71.1,True,0.0,,0.0,,0.0,,0.0,,0.0,,0.0,,0.0,0.0,True,,,,
,1,0,381.0,pet_600_soda,flat,retreat_flat,3,355.6,-2.0,49.0,True,479.4,78.4,85.4,-73.8,True,0.0,,0.0,,0.0,,0.0,,0.0,,0.0,,0.0,0.0,True,,,,
,1,0,381.0,pet_600_soda,flat,retreat_flat,4,345.9,-2.0,49.0,True,479.4,77.7,88.8,-76.6,True,0.0,,0.0,,0.0,,0.0,,0.0,,0.0,,0.0,0.0,True,,,,
,1,0,381.0,pet_600_soda,flat,retreat_flat,5,336.3,-2.0,49.0,True,479.4,77.1,92.1,-79.3,True,0.0,,0.0,,0.0,,0.0,,0.0,,0.0,,0.0,0.0,True,,,,
,1,0,381.0,pet_600_soda,flat,retreat_flat,6,326.6,-2.0,49.0,True,479.4,76.7,95.3,-82.0,True,0.0,,0.0,,0.0,,0.0,,0.0,,0.0,,0.0,0.0,True,,,,
,1,0,381.0,pet_600_soda,flat,retreat_flat,7,317.0,-2.0,49.0,True,479.4,76.4,98.3,-84.7,True,0.0,,0.0,,0.0,,0.0,,0.0,,0.0,,0.0,0.0,True,,,,
,1,0,381.0,pet_600_soda,flat,retreat_flat,8,307.3,-2.0,49.0,True,479.4,76.2,101.2,-87.4,True,0.0,,0.0,,0.0,,0.0,,0.0,,0.0,,0.0,0.0,True,,,,
,1,0,381.0,pet_600_soda,flat,retreat_flat,9,297.7,-2.0,49.0,True,479.4,76.1,104.0,-90.1,True,0.0,,0.0,,0.0,,0.0,,0.0,,0.0,,0.0,0.0,True,,,,
,1,0,381.0,pet_600_soda,flat,retreat_flat,10,288.0,-2.0,49.0,True,479.4,76.2,106.7,-92.9,True,0.0,,0.0,,0.0,,0.0,,0.0,,0.0,,0.0,0.0,True,,,,
,1,0,381.0,pet_600_soda,lift12,touch,0,365.2,-0.0,30.5,True,481.4,79.3,81.8,-71.1,True,0.0,,0.0,,0.0,,0.0,,0.0,,0.0,,0.0,0.0,True,,,,
,1,0,381.0,pet_600_soda,lift12,lipdrop,1,365.2,-2.0,30.5,True,479.4,79.3,81.8,-71.1,True,0.0,,0.0,,0.0,,0.0,,0.0,,0.0,,0.0,0.0,True,,,,
,1,0,381.0,pet_600_soda,lift12,open,2,365.2,-2.0,49.0,True,479.4,79.3,81.8,-71.1,True,0.0,,0.0,,0.0,,0.0,,0.0,,0.0,,0.0,0.0,True,,,,
,1,0,381.0,pet_600_soda,lift12,retreat_lift12,3,355.6,-0.5,49.0,True,480.9,78.4,85.4,-73.8,True,0.0,,0.0,,0.0,,0.0,,0.0,,0.0,,0.0,0.0,True,,,,
,1,0,381.0,pet_600_soda,lift12,retreat_lift12,4,345.9,1.0,49.0,True,482.4,77.7,88.8,-76.6,True,0.0,,0.0,,0.0,,0.0,,0.0,,0.0,,0.0,0.0,True,,,,
,1,0,381.0,pet_600_soda,lift12,retreat_lift12,5,336.3,2.5,49.0,True,483.9,77.1,92.1,-79.3,True,0.0,,0.0,,0.0,,0.0,,0.0,,0.0,,0.0,0.0,True,,,,
,1,0,381.0,pet_600_soda,lift12,retreat_lift12,6,326.6,4.0,49.0,True,485.4,76.7,95.3,-82.0,True,0.0,,0.0,,0.0,,0.0,,0.0,,0.0,,0.0,0.0,True,,,,
,1,0,381.0,pet_600_soda,lift12,retreat_lift12,7,317.0,5.5,49.0,True,486.9,76.4,98.3,-84.7,True,0.0,,0.0,,0.0,,0.0,,0.0,,0.0,,0.0,0.0,True,,,,
,1,0,381.0,pet_600_soda,lift12,retreat_lift12,8,307.3,7.0,49.0,True,488.4,76.2,101.2,-87.4,True,0.0,,0.0,,0.0,,0.0,,0.0,,0.0,,0.0,0.0,True,,,,
,1,0,381.0,pet_600_soda,lift12,retreat_lift12,9,297.7,8.5,49.0,True,489.9,76.1,104.0,-90.1,True,0.0,,0.0,,0.0,,0.0,,0.0,,0.0,,0.0,0.0,True,,,,
,1,0,381.0,pet_600_soda,lift12,retreat_lift12,10,288.0,10.0,49.0,True,491.4,76.2,106.7,-92.9,True,0.0,,0.0,,0.0,,0.0,,0.0,,0.0,,0.0,0.0,True,,,,
,1,1,287.0,pet_500,flat,touch,0,364.4,-0.0,30.5,True,741.4,79.2,82.2,-71.4,True,0.0,,0.0,,0.0,,0.0,,0.0,hand_jaw_B_C,0.0,,0.0,0.0,True,,,,
,1,1,287.0,pet_500,flat,lipdrop,1,364.4,-2.0,30.5,True,739.4,79.2,82.2,-71.4,True,0.0,,0.0,,0.0,,0.0,,0.0,,0.0,,0.0,0.0,True,,,,
,1,1,287.0,pet_500,flat,open,2,364.4,-2.0,49.0,True,739.4,79.2,82.2,-71.4,True,0.0,,0.0,,0.0,,0.0,,0.0,,0.0,,0.0,0.0,True,,,,
,1,1,287.0,pet_500,flat,retreat_flat,3,354.8,-2.0,49.0,True,739.4,78.4,85.7,-74.1,True,0.0,,0.0,,0.0,,0.0,,0.0,,0.0,,0.0,0.0,True,,,,
,1,1,287.0,pet_500,flat,retreat_flat,4,345.3,-2.0,49.0,True,739.4,77.7,89.0,-76.7,True,0.0,,0.0,,0.0,,0.0,,0.0,,0.0,,0.0,0.0,True,,,,
,1,1,287.0,pet_500,flat,retreat_flat,5,335.8,-2.0,49.0,True,739.4,77.1,92.3,-79.4,True,0.0,,0.0,,0.0,,0.0,,0.0,,0.0,,0.0,0.0,True,,,,
,1,1,287.0,pet_500,flat,retreat_flat,6,326.2,-2.0,49.0,True,739.4,76.7,95.4,-82.1,True,0.0,,0.0,,0.0,,0.0,,0.0,,0.0,,0.0,0.0,True,,,,
,1,1,287.0,pet_500,flat,retreat_flat,7,316.6,-2.0,49.0,True,739.4,76.4,98.4,-84.8,True,0.0,,0.0,,0.0,,0.0,,0.0,,0.0,,0.0,0.0,True,,,,
,1,1,287.0,pet_500,flat,retreat_flat,8,307.1,-2.0,49.0,True,739.4,76.2,101.3,-87.5,True,0.0,,0.0,,0.0,,0.0,,0.0,,0.0,,0.0,0.0,True,,,,
,1,1,287.0,pet_500,flat,retreat_flat,9,297.6,-2.0,49.0,True,739.4,76.1,104.1,-90.2,True,0.0,,0.0,,0.0,,0.0,,0.0,,0.0,,0.0,0.0,True,,,,
,1,1,287.0,pet_500,flat,retreat_flat,10,288.0,-2.0,49.0,True,739.4,76.2,106.7,-92.9,True,0.0,,0.0,,0.0,,0.0,,0.0,,0.0,,0.0,0.0,True,,,,
,1,1,287.0,pet_500,lift12,touch,0,364.4,-0.0,30.5,True,741.4,79.2,82.2,-71.4,True,0.0,,0.0,,0.0,,0.0,,0.0,hand_jaw_B_C,0.0,,0.0,0.0,True,,,,
,1,1,287.0,pet_500,lift12,lipdrop,1,364.4,-2.0,30.5,True,739.4,79.2,82.2,-71.4,True,0.0,,0.0,,0.0,,0.0,,0.0,,0.0,,0.0,0.0,True,,,,
,1,1,287.0,pet_500,lift12,open,2,364.4,-2.0,49.0,True,739.4,79.2,82.2,-71.4,True,0.0,,0.0,,0.0,,0.0,,0.0,,0.0,,0.0,0.0,True,,,,
,1,1,287.0,pet_500,lift12,retreat_lift12,3,354.8,-0.5,49.0,True,740.9,78.4,85.7,-74.1,True,0.0,,0.0,,0.0,,0.0,,0.0,,0.0,,0.0,0.0,True,,,,
,1,1,287.0,pet_500,lift12,retreat_lift12,4,345.3,1.0,49.0,True,742.4,77.7,89.0,-76.7,True,0.0,,0.0,,0.0,,0.0,,0.0,,0.0,,0.0,0.0,True,,,,
,1,1,287.0,pet_500,lift12,retreat_lift12,5,335.8,2.5,49.0,True,743.9,77.1,92.3,-79.4,True,0.0,,0.0,,0.0,,0.0,,0.0,,0.0,,0.0,0.0,True,,,,
,1,1,287.0,pet_500,lift12,retreat_lift12,6,326.2,4.0,49.0,True,745.4,76.7,95.4,-82.1,True,0.0,,0.0,,0.0,,0.0,,0.0,,0.0,,0.0,0.0,True,,,,
,1,1,287.0,pet_500,lift12,retreat_lift12,7,316.6,5.5,49.0,True,746.9,76.4,98.4,-84.8,True,0.0,,0.0,,0.0,,0.0,,0.0,,0.0,,0.0,0.0,True,,,,
,1,1,287.0,pet_500,lift12,retreat_lift12,8,307.1,7.0,49.0,True,748.4,76.2,101.3,-87.5,True,0.0,,0.0,,0.0,,0.0,,0.0,,0.0,,0.0,0.0,True,,,,
,1,1,287.0,pet_500,lift12,retreat_lift12,9,297.6,8.5,49.0,True,749.9,76.1,104.1,-90.2,True,0.0,,0.0,,0.0,,0.0,,0.0,,0.0,,0.0,0.0,True,,,,
,1,1,287.0,pet_500,lift12,retreat_lift12,10,288.0,10.0,49.0,True,751.4,76.2,106.7,-92.9,True,0.0,,0.0,,0.0,,0.0,,0.0,,0.0,,0.0,0.0,True,,,,
,1,1,287.0,pet_600_soda,flat,touch,0,365.2,-0.0,30.5,True,768.4,79.3,81.8,-71.1,True,0.0,,0.0,,0.0,,0.0,,0.0,,0.0,,0.0,0.0,True,,,,
,1,1,287.0,pet_600_soda,flat,lipdrop,1,365.2,-2.0,30.5,True,766.4,79.3,81.8,-71.1,True,0.0,,0.0,,0.0,,0.0,,0.0,,0.0,,0.0,0.0,True,,,,
,1,1,287.0,pet_600_soda,flat,open,2,365.2,-2.0,49.0,True,766.4,79.3,81.8,-71.1,True,0.0,,0.0,,0.0,,0.0,,0.0,,0.0,,0.0,0.0,True,,,,
,1,1,287.0,pet_600_soda,flat,retreat_flat,3,355.6,-2.0,49.0,True,766.4,78.4,85.4,-73.8,True,0.0,,0.0,,0.0,,0.0,,0.0,,0.0,,0.0,0.0,True,,,,
,1,1,287.0,pet_600_soda,flat,retreat_flat,4,345.9,-2.0,49.0,True,766.4,77.7,88.8,-76.6,True,0.0,,0.0,,0.0,,0.0,,0.0,,0.0,,0.0,0.0,True,,,,
,1,1,287.0,pet_600_soda,flat,retreat_flat,5,336.3,-2.0,49.0,True,766.4,77.1,92.1,-79.3,True,0.0,,0.0,,0.0,,0.0,,0.0,,0.0,,0.0,0.0,True,,,,
,1,1,287.0,pet_600_soda,flat,retreat_flat,6,326.6,-2.0,49.0,True,766.4,76.7,95.3,-82.0,True,0.0,,0.0,,0.0,,0.0,,0.0,,0.0,,0.0,0.0,True,,,,
,1,1,287.0,pet_600_soda,flat,retreat_flat,7,317.0,-2.0,49.0,True,766.4,76.4,98.3,-84.7,True,0.0,,0.0,,0.0,,0.0,,0.0,,0.0,,0.0,0.0,True,,,,
,1,1,287.0,pet_600_soda,flat,retreat_flat,8,307.3,-2.0,49.0,True,766.4,76.2,101.2,-87.4,True,0.0,,0.0,,0.0,,0.0,,0.0,,0.0,,0.0,0.0,True,,,,
,1,1,287.0,pet_600_soda,flat,retreat_flat,9,297.7,-2.0,49.0,True,766.4,76.1,104.0,-90.1,True,0.0,,0.0,,0.0,,0.0,,0.0,,0.0,,0.0,0.0,True,,,,
,1,1,287.0,pet_600_soda,flat,retreat_flat,10,288.0,-2.0,49.0,True,766.4,76.2,106.7,-92.9,True,0.0,,0.0,,0.0,,0.0,,0.0,,0.0,,0.0,0.0,True,,,,
,1,1,287.0,pet_600_soda,lift12,touch,0,365.2,-0.0,30.5,True,768.4,79.3,81.8,-71.1,True,0.0,,0.0,,0.0,,0.0,,0.0,,0.0,,0.0,0.0,True,,,,
,1,1,287.0,pet_600_soda,lift12,lipdrop,1,365.2,-2.0,30.5,True,766.4,79.3,81.8,-71.1,True,0.0,,0.0,,0.0,,0.0,,0.0,,0.0,,0.0,0.0,True,,,,
,1,1,287.0,pet_600_soda,lift12,open,2,365.2,-2.0,49.0,True,766.4,79.3,81.8,-71.1,True,0.0,,0.0,,0.0,,0.0,,0.0,,0.0,,0.0,0.0,True,,,,
,1,1,287.0,pet_600_soda,lift12,retreat_lift12,3,355.6,-0.5,49.0,True,767.9,78.4,85.4,-73.8,True,0.0,,0.0,,0.0,,0.0,,0.0,,0.0,,0.0,0.0,True,,,,
,1,1,287.0,pet_600_soda,lift12,retreat_lift12,4,345.9,1.0,49.0,True,769.4,77.7,88.8,-76.6,True,0.0,,0.0,,0.0,,0.0,,0.0,,0.0,,0.0,0.0,True,,,,
,1,1,287.0,pet_600_soda,lift12,retreat_lift12,5,336.3,2.5,49.0,True,770.9,77.1,92.1,-79.3,True,0.0,,0.0,,0.0,,0.0,,0.0,,0.0,,0.0,0.0,True,,,,
,1,1,287.0,pet_600_soda,lift12,retreat_lift12,6,326.6,4.0,49.0,True,772.4,76.7,95.3,-82.0,True,0.0,,0.0,,0.0,,0.0,,0.0,,0.0,,0.0,0.0,True,,,,
,1,1,287.0,pet_600_soda,lift12,retreat_lift12,7,317.0,5.5,49.0,True,773.9,76.4,98.3,-84.7,True,0.0,,0.0,,0.0,,0.0,,0.0,,0.0,,0.0,0.0,True,,,,
,1,1,287.0,pet_600_soda,lift12,retreat_lift12,8,307.3,7.0,49.0,True,775.4,76.2,101.2,-87.4,True,0.0,,0.0,,0.0,,0.0,,0.0,,0.0,,0.0,0.0,True,,,,
,1,1,287.0,pet_600_soda,lift12,retreat_lift12,9,297.7,8.5,49.0,True,776.9,76.1,104.0,-90.1,True,0.0,,0.0,,0.0,,0.0,,0.0,,0.0,,0.0,0.0,True,,,,
,1,1,287.0,pet_600_soda,lift12,retreat_lift12,10,288.0,10.0,49.0,True,778.4,76.2,106.7,-92.9,True,0.0,,0.0,,0.0,,0.0,,0.0,,0.0,,0.0,0.0,True,,,,
,1,1,318.0,pet_500,flat,touch,0,364.4,-0.0,30.5,True,772.4,79.2,82.2,-71.4,True,0.0,,0.0,,0.0,,0.0,,0.0,hand_jaw_B_C,0.0,,0.0,0.0,True,,,,
,1,1,318.0,pet_500,flat,lipdrop,1,364.4,-2.0,30.5,True,770.4,79.2,82.2,-71.4,True,0.0,,0.0,,0.0,,0.0,,0.0,,0.0,,0.0,0.0,True,,,,
,1,1,318.0,pet_500,flat,open,2,364.4,-2.0,49.0,True,770.4,79.2,82.2,-71.4,True,0.0,,0.0,,0.0,,0.0,,0.0,,0.0,,0.0,0.0,True,,,,
,1,1,318.0,pet_500,flat,retreat_flat,3,354.8,-2.0,49.0,True,770.4,78.4,85.7,-74.1,True,0.0,,0.0,,0.0,,0.0,,0.0,,0.0,,0.0,0.0,True,,,,
,1,1,318.0,pet_500,flat,retreat_flat,4,345.3,-2.0,49.0,True,770.4,77.7,89.0,-76.7,True,0.0,,0.0,,0.0,,0.0,,0.0,,0.0,,0.0,0.0,True,,,,
,1,1,318.0,pet_500,flat,retreat_flat,5,335.8,-2.0,49.0,True,770.4,77.1,92.3,-79.4,True,0.0,,0.0,,0.0,,0.0,,0.0,,0.0,,0.0,0.0,True,,,,
,1,1,318.0,pet_500,flat,retreat_flat,6,326.2,-2.0,49.0,True,770.4,76.7,95.4,-82.1,True,0.0,,0.0,,0.0,,0.0,,0.0,,0.0,,0.0,0.0,True,,,,
,1,1,318.0,pet_500,flat,retreat_flat,7,316.6,-2.0,49.0,True,770.4,76.4,98.4,-84.8,True,0.0,,0.0,,0.0,,0.0,,0.0,,0.0,,0.0,0.0,True,,,,
,1,1,318.0,pet_500,flat,retreat_flat,8,307.1,-2.0,49.0,True,770.4,76.2,101.3,-87.5,True,0.0,,0.0,,0.0,,0.0,,0.0,,0.0,,0.0,0.0,True,,,,
,1,1,318.0,pet_500,flat,retreat_flat,9,297.6,-2.0,49.0,True,770.4,76.1,104.1,-90.2,True,0.0,,0.0,,0.0,,0.0,,0.0,,0.0,,0.0,0.0,True,,,,
,1,1,318.0,pet_500,flat,retreat_flat,10,288.0,-2.0,49.0,True,770.4,76.2,106.7,-92.9,True,0.0,,0.0,,0.0,,0.0,,0.0,,0.0,,0.0,0.0,True,,,,
,1,1,318.0,pet_500,lift12,touch,0,364.4,-0.0,30.5,True,772.4,79.2,82.2,-71.4,True,0.0,,0.0,,0.0,,0.0,,0.0,hand_jaw_B_C,0.0,,0.0,0.0,True,,,,
,1,1,318.0,pet_500,lift12,lipdrop,1,364.4,-2.0,30.5,True,770.4,79.2,82.2,-71.4,True,0.0,,0.0,,0.0,,0.0,,0.0,,0.0,,0.0,0.0,True,,,,
,1,1,318.0,pet_500,lift12,open,2,364.4,-2.0,49.0,True,770.4,79.2,82.2,-71.4,True,0.0,,0.0,,0.0,,0.0,,0.0,,0.0,,0.0,0.0,True,,,,
,1,1,318.0,pet_500,lift12,retreat_lift12,3,354.8,-0.5,49.0,True,771.9,78.4,85.7,-74.1,True,0.0,,0.0,,0.0,,0.0,,0.0,,0.0,,0.0,0.0,True,,,,
,1,1,318.0,pet_500,lift12,retreat_lift12,4,345.3,1.0,49.0,True,773.4,77.7,89.0,-76.7,True,0.0,,0.0,,0.0,,0.0,,0.0,,0.0,,0.0,0.0,True,,,,
,1,1,318.0,pet_500,lift12,retreat_lift12,5,335.8,2.5,49.0,True,774.9,77.1,92.3,-79.4,True,0.0,,0.0,,0.0,,0.0,,0.0,,0.0,,0.0,0.0,True,,,,
,1,1,318.0,pet_500,lift12,retreat_lift12,6,326.2,4.0,49.0,True,776.4,76.7,95.4,-82.1,True,0.0,,0.0,,0.0,,0.0,,0.0,,0.0,,0.0,0.0,True,,,,
,1,1,318.0,pet_500,lift12,retreat_lift12,7,316.6,5.5,49.0,True,777.9,76.4,98.4,-84.8,True,0.0,,0.0,,0.0,,0.0,,0.0,,0.0,,0.0,0.0,True,,,,
,1,1,318.0,pet_500,lift12,retreat_lift12,8,307.1,7.0,49.0,True,779.4,76.2,101.3,-87.5,True,0.0,,0.0,,0.0,,0.0,,0.0,,0.0,,0.0,0.0,True,,,,
,1,1,318.0,pet_500,lift12,retreat_lift12,9,297.6,8.5,49.0,True,780.9,76.1,104.1,-90.2,True,0.0,,0.0,,0.0,,0.0,,0.0,,0.0,,0.0,0.0,True,,,,
,1,1,318.0,pet_500,lift12,retreat_lift12,10,288.0,10.0,49.0,True,782.4,76.2,106.7,-92.9,True,0.0,,0.0,,0.0,,0.0,,0.0,,0.0,,0.0,0.0,True,,,,
,1,1,318.0,pet_600_soda,flat,touch,0,365.2,-0.0,30.5,True,799.4,79.3,81.8,-71.1,True,0.0,,0.0,,0.0,,0.0,,0.0,,0.0,,0.0,0.0,True,,,,
,1,1,318.0,pet_600_soda,flat,lipdrop,1,365.2,-2.0,30.5,True,797.4,79.3,81.8,-71.1,True,0.0,,0.0,,0.0,,0.0,,0.0,,0.0,,0.0,0.0,True,,,,
,1,1,318.0,pet_600_soda,flat,open,2,365.2,-2.0,49.0,True,797.4,79.3,81.8,-71.1,True,0.0,,0.0,,0.0,,0.0,,0.0,,0.0,,0.0,0.0,True,,,,
,1,1,318.0,pet_600_soda,flat,retreat_flat,3,355.6,-2.0,49.0,True,797.4,78.4,85.4,-73.8,True,0.0,,0.0,,0.0,,0.0,,0.0,,0.0,,0.0,0.0,True,,,,
,1,1,318.0,pet_600_soda,flat,retreat_flat,4,345.9,-2.0,49.0,True,797.4,77.7,88.8,-76.6,True,0.0,,0.0,,0.0,,0.0,,0.0,,0.0,,0.0,0.0,True,,,,
,1,1,318.0,pet_600_soda,flat,retreat_flat,5,336.3,-2.0,49.0,True,797.4,77.1,92.1,-79.3,True,0.0,,0.0,,0.0,,0.0,,0.0,,0.0,,0.0,0.0,True,,,,
,1,1,318.0,pet_600_soda,flat,retreat_flat,6,326.6,-2.0,49.0,True,797.4,76.7,95.3,-82.0,True,0.0,,0.0,,0.0,,0.0,,0.0,,0.0,,0.0,0.0,True,,,,
,1,1,318.0,pet_600_soda,flat,retreat_flat,7,317.0,-2.0,49.0,True,797.4,76.4,98.3,-84.7,True,0.0,,0.0,,0.0,,0.0,,0.0,,0.0,,0.0,0.0,True,,,,
,1,1,318.0,pet_600_soda,flat,retreat_flat,8,307.3,-2.0,49.0,True,797.4,76.2,101.2,-87.4,True,0.0,,0.0,,0.0,,0.0,,0.0,,0.0,,0.0,0.0,True,,,,
,1,1,318.0,pet_600_soda,flat,retreat_flat,9,297.7,-2.0,49.0,True,797.4,76.1,104.0,-90.1,True,0.0,,0.0,,0.0,,0.0,,0.0,,0.0,,0.0,0.0,True,,,,
,1,1,318.0,pet_600_soda,flat,retreat_flat,10,288.0,-2.0,49.0,True,797.4,76.2,106.7,-92.9,True,0.0,,0.0,,0.0,,0.0,,0.0,,0.0,,0.0,0.0,True,,,,
,1,1,318.0,pet_600_soda,lift12,touch,0,365.2,-0.0,30.5,True,799.4,79.3,81.8,-71.1,True,0.0,,0.0,,0.0,,0.0,,0.0,,0.0,,0.0,0.0,True,,,,
,1,1,318.0,pet_600_soda,lift12,lipdrop,1,365.2,-2.0,30.5,True,797.4,79.3,81.8,-71.1,True,0.0,,0.0,,0.0,,0.0,,0.0,,0.0,,0.0,0.0,True,,,,
,1,1,318.0,pet_600_soda,lift12,open,2,365.2,-2.0,49.0,True,797.4,79.3,81.8,-71.1,True,0.0,,0.0,,0.0,,0.0,,0.0,,0.0,,0.0,0.0,True,,,,
,1,1,318.0,pet_600_soda,lift12,retreat_lift12,3,355.6,-0.5,49.0,True,798.9,78.4,85.4,-73.8,True,0.0,,0.0,,0.0,,0.0,,0.0,,0.0,,0.0,0.0,True,,,,
,1,1,318.0,pet_600_soda,lift12,retreat_lift12,4,345.9,1.0,49.0,True,800.4,77.7,88.8,-76.6,True,0.0,,0.0,,0.0,,0.0,,0.0,,0.0,,0.0,0.0,True,,,,
,1,1,318.0,pet_600_soda,lift12,retreat_lift12,5,336.3,2.5,49.0,True,801.9,77.1,92.1,-79.3,True,0.0,,0.0,,0.0,,0.0,,0.0,,0.0,,0.0,0.0,True,,,,
,1,1,318.0,pet_600_soda,lift12,retreat_lift12,6,326.6,4.0,49.0,True,803.4,76.7,95.3,-82.0,True,0.0,,0.0,,0.0,,0.0,,0.0,,0.0,,0.0,0.0,True,,,,
,1,1,318.0,pet_600_soda,lift12,retreat_lift12,7,317.0,5.5,49.0,True,804.9,76.4,98.3,-84.7,True,0.0,,0.0,,0.0,,0.0,,0.0,,0.0,,0.0,0.0,True,,,,
,1,1,318.0,pet_600_soda,lift12,retreat_lift12,8,307.3,7.0,49.0,True,806.4,76.2,101.2,-87.4,True,0.0,,0.0,,0.0,,0.0,,0.0,,0.0,,0.0,0.0,True,,,,
,1,1,318.0,pet_600_soda,lift12,retreat_lift12,9,297.7,8.5,49.0,True,807.9,76.1,104.0,-90.1,True,0.0,,0.0,,0.0,,0.0,,0.0,,0.0,,0.0,0.0,True,,,,
,1,1,318.0,pet_600_soda,lift12,retreat_lift12,10,288.0,10.0,49.0,True,809.4,76.2,106.7,-92.9,True,0.0,,0.0,,0.0,,0.0,,0.0,,0.0,,0.0,0.0,True,,,,
,1,1,381.0,pet_500,flat,touch,0,364.4,-0.0,30.5,True,835.4,79.2,82.2,-71.4,True,0.0,,0.0,,0.0,,0.0,,0.0,hand_jaw_B_C,0.0,,0.0,0.0,True,,,,
,1,1,381.0,pet_500,flat,lipdrop,1,364.4,-2.0,30.5,True,833.4,79.2,82.2,-71.4,True,0.0,,0.0,,0.0,,0.0,,0.0,,0.0,,0.0,0.0,True,,,,
,1,1,381.0,pet_500,flat,open,2,364.4,-2.0,49.0,True,833.4,79.2,82.2,-71.4,True,0.0,,0.0,,0.0,,0.0,,0.0,,0.0,,0.0,0.0,True,,,,
,1,1,381.0,pet_500,flat,retreat_flat,3,354.8,-2.0,49.0,True,833.4,78.4,85.7,-74.1,True,0.0,,0.0,,0.0,,0.0,,0.0,,0.0,,0.0,0.0,True,,,,
,1,1,381.0,pet_500,flat,retreat_flat,4,345.3,-2.0,49.0,True,833.4,77.7,89.0,-76.7,True,0.0,,0.0,,0.0,,0.0,,0.0,,0.0,,0.0,0.0,True,,,,
,1,1,381.0,pet_500,flat,retreat_flat,5,335.8,-2.0,49.0,True,833.4,77.1,92.3,-79.4,True,0.0,,0.0,,0.0,,0.0,,0.0,,0.0,,0.0,0.0,True,,,,
,1,1,381.0,pet_500,flat,retreat_flat,6,326.2,-2.0,49.0,True,833.4,76.7,95.4,-82.1,True,0.0,,0.0,,0.0,,0.0,,0.0,,0.0,,0.0,0.0,True,,,,
,1,1,381.0,pet_500,flat,retreat_flat,7,316.6,-2.0,49.0,True,833.4,76.4,98.4,-84.8,True,0.0,,0.0,,0.0,,0.0,,0.0,,0.0,,0.0,0.0,True,,,,
,1,1,381.0,pet_500,flat,retreat_flat,8,307.1,-2.0,49.0,True,833.4,76.2,101.3,-87.5,True,0.0,,0.0,,0.0,,0.0,,0.0,,0.0,,0.0,0.0,True,,,,
,1,1,381.0,pet_500,flat,retreat_flat,9,297.6,-2.0,49.0,True,833.4,76.1,104.1,-90.2,True,0.0,,0.0,,0.0,,0.0,,0.0,,0.0,,0.0,0.0,True,,,,
,1,1,381.0,pet_500,flat,retreat_flat,10,288.0,-2.0,49.0,True,833.4,76.2,106.7,-92.9,True,0.0,,0.0,,0.0,,0.0,,0.0,,0.0,,0.0,0.0,True,,,,
,1,1,381.0,pet_500,lift12,touch,0,364.4,-0.0,30.5,True,835.4,79.2,82.2,-71.4,True,0.0,,0.0,,0.0,,0.0,,0.0,hand_jaw_B_C,0.0,,0.0,0.0,True,,,,
,1,1,381.0,pet_500,lift12,lipdrop,1,364.4,-2.0,30.5,True,833.4,79.2,82.2,-71.4,True,0.0,,0.0,,0.0,,0.0,,0.0,,0.0,,0.0,0.0,True,,,,
,1,1,381.0,pet_500,lift12,open,2,364.4,-2.0,49.0,True,833.4,79.2,82.2,-71.4,True,0.0,,0.0,,0.0,,0.0,,0.0,,0.0,,0.0,0.0,True,,,,
,1,1,381.0,pet_500,lift12,retreat_lift12,3,354.8,-0.5,49.0,True,834.9,78.4,85.7,-74.1,True,0.0,,0.0,,0.0,,0.0,,0.0,,0.0,,0.0,0.0,True,,,,
,1,1,381.0,pet_500,lift12,retreat_lift12,4,345.3,1.0,49.0,True,836.4,77.7,89.0,-76.7,True,0.0,,0.0,,0.0,,0.0,,0.0,,0.0,,0.0,0.0,True,,,,
,1,1,381.0,pet_500,lift12,retreat_lift12,5,335.8,2.5,49.0,True,837.9,77.1,92.3,-79.4,True,0.0,,0.0,,0.0,,0.0,,0.0,,0.0,,0.0,0.0,True,,,,
,1,1,381.0,pet_500,lift12,retreat_lift12,6,326.2,4.0,49.0,True,839.4,76.7,95.4,-82.1,True,0.0,,0.0,,0.0,,0.0,,0.0,,0.0,,0.0,0.0,True,,,,
,1,1,381.0,pet_500,lift12,retreat_lift12,7,316.6,5.5,49.0,True,840.9,76.4,98.4,-84.8,True,0.0,,0.0,,0.0,,0.0,,0.0,,0.0,,0.0,0.0,True,,,,
,1,1,381.0,pet_500,lift12,retreat_lift12,8,307.1,7.0,49.0,True,842.4,76.2,101.3,-87.5,True,0.0,,0.0,,0.0,,0.0,,0.0,,0.0,,0.0,0.0,True,,,,
,1,1,381.0,pet_500,lift12,retreat_lift12,9,297.6,8.5,49.0,True,843.9,76.1,104.1,-90.2,True,0.0,,0.0,,0.0,,0.0,,0.0,,0.0,,0.0,0.0,True,,,,
,1,1,381.0,pet_500,lift12,retreat_lift12,10,288.0,10.0,49.0,True,845.4,76.2,106.7,-92.9,True,0.0,,0.0,,0.0,,0.0,,0.0,,0.0,,0.0,0.0,True,,,,
,1,1,381.0,pet_600_soda,flat,touch,0,365.2,-0.0,30.5,True,862.4,79.3,81.8,-71.1,True,0.0,,0.0,,0.0,,0.0,,0.0,,0.0,,0.0,0.0,True,,,,
,1,1,381.0,pet_600_soda,flat,lipdrop,1,365.2,-2.0,30.5,True,860.4,79.3,81.8,-71.1,True,0.0,,0.0,,0.0,,0.0,,0.0,,0.0,,0.0,0.0,True,,,,
,1,1,381.0,pet_600_soda,flat,open,2,365.2,-2.0,49.0,True,860.4,79.3,81.8,-71.1,True,0.0,,0.0,,0.0,,0.0,,0.0,,0.0,,0.0,0.0,True,,,,
,1,1,381.0,pet_600_soda,flat,retreat_flat,3,355.6,-2.0,49.0,True,860.4,78.4,85.4,-73.8,True,0.0,,0.0,,0.0,,0.0,,0.0,,0.0,,0.0,0.0,True,,,,
,1,1,381.0,pet_600_soda,flat,retreat_flat,4,345.9,-2.0,49.0,True,860.4,77.7,88.8,-76.6,True,0.0,,0.0,,0.0,,0.0,,0.0,,0.0,,0.0,0.0,True,,,,
,1,1,381.0,pet_600_soda,flat,retreat_flat,5,336.3,-2.0,49.0,True,860.4,77.1,92.1,-79.3,True,0.0,,0.0,,0.0,,0.0,,0.0,,0.0,,0.0,0.0,True,,,,
,1,1,381.0,pet_600_soda,flat,retreat_flat,6,326.6,-2.0,49.0,True,860.4,76.7,95.3,-82.0,True,0.0,,0.0,,0.0,,0.0,,0.0,,0.0,,0.0,0.0,True,,,,
,1,1,381.0,pet_600_soda,flat,retreat_flat,7,317.0,-2.0,49.0,True,860.4,76.4,98.3,-84.7,True,0.0,,0.0,,0.0,,0.0,,0.0,,0.0,,0.0,0.0,True,,,,
,1,1,381.0,pet_600_soda,flat,retreat_flat,8,307.3,-2.0,49.0,True,860.4,76.2,101.2,-87.4,True,0.0,,0.0,,0.0,,0.0,,0.0,,0.0,,0.0,0.0,True,,,,
,1,1,381.0,pet_600_soda,flat,retreat_flat,9,297.7,-2.0,49.0,True,860.4,76.1,104.0,-90.1,True,0.0,,0.0,,0.0,,0.0,,0.0,,0.0,,0.0,0.0,True,,,,
,1,1,381.0,pet_600_soda,flat,retreat_flat,10,288.0,-2.0,49.0,True,860.4,76.2,106.7,-92.9,True,0.0,,0.0,,0.0,,0.0,,0.0,,0.0,,0.0,0.0,True,,,,
,1,1,381.0,pet_600_soda,lift12,touch,0,365.2,-0.0,30.5,True,862.4,79.3,81.8,-71.1,True,0.0,,0.0,,0.0,,0.0,,0.0,,0.0,,0.0,0.0,True,,,,
,1,1,381.0,pet_600_soda,lift12,lipdrop,1,365.2,-2.0,30.5,True,860.4,79.3,81.8,-71.1,True,0.0,,0.0,,0.0,,0.0,,0.0,,0.0,,0.0,0.0,True,,,,
,1,1,381.0,pet_600_soda,lift12,open,2,365.2,-2.0,49.0,True,860.4,79.3,81.8,-71.1,True,0.0,,0.0,,0.0,,0.0,,0.0,,0.0,,0.0,0.0,True,,,,
,1,1,381.0,pet_600_soda,lift12,retreat_lift12,3,355.6,-0.5,49.0,True,861.9,78.4,85.4,-73.8,True,0.0,,0.0,,0.0,,0.0,,0.0,,0.0,,0.0,0.0,True,,,,
,1,1,381.0,pet_600_soda,lift12,retreat_lift12,4,345.9,1.0,49.0,True,863.4,77.7,88.8,-76.6,True,0.0,,0.0,,0.0,,0.0,,0.0,,0.0,,0.0,0.0,True,,,,
,1,1,381.0,pet_600_soda,lift12,retreat_lift12,5,336.3,2.5,49.0,True,864.9,77.1,92.1,-79.3,True,0.0,,0.0,,0.0,,0.0,,0.0,,0.0,,0.0,0.0,True,,,,
,1,1,381.0,pet_600_soda,lift12,retreat_lift12,6,326.6,4.0,49.0,True,866.4,76.7,95.3,-82.0,True,0.0,,0.0,,0.0,,0.0,,0.0,,0.0,,0.0,0.0,True,,,,
,1,1,381.0,pet_600_soda,lift12,retreat_lift12,7,317.0,5.5,49.0,True,867.9,76.4,98.3,-84.7,True,0.0,,0.0,,0.0,,0.0,,0.0,,0.0,,0.0,0.0,True,,,,
,1,1,381.0,pet_600_soda,lift12,retreat_lift12,8,307.3,7.0,49.0,True,869.4,76.2,101.2,-87.4,True,0.0,,0.0,,0.0,,0.0,,0.0,,0.0,,0.0,0.0,True,,,,
,1,1,381.0,pet_600_soda,lift12,retreat_lift12,9,297.7,8.5,49.0,True,870.9,76.1,104.0,-90.1,True,0.0,,0.0,,0.0,,0.0,,0.0,,0.0,,0.0,0.0,True,,,,
,1,1,381.0,pet_600_soda,lift12,retreat_lift12,10,288.0,10.0,49.0,True,872.4,76.2,106.7,-92.9,True,0.0,,0.0,,0.0,,0.0,,0.0,,0.0,,0.0,0.0,True,,,,
,3,0,287.0,pet_500,flat,touch,0,364.4,-0.0,30.5,True,454.4,40.6,98.8,-49.4,True,0.0,,0.0,,0.0,,0.0,,0.0,,0.0,,0.0,0.0,True,,,,
,3,0,287.0,pet_500,flat,lipdrop,1,364.4,-2.0,30.5,True,452.4,40.6,98.8,-49.4,True,0.0,,0.0,,0.0,,0.0,,0.0,,0.0,,0.0,0.0,True,,,,
,3,0,287.0,pet_500,flat,open,2,364.4,-2.0,49.0,True,452.4,40.6,98.8,-49.4,True,0.0,,0.0,,0.0,,0.0,,0.0,,0.0,,0.0,0.0,True,,,,
,3,0,287.0,pet_500,flat,retreat_flat,3,354.8,-2.0,49.0,True,452.4,38.8,102.3,-51.2,True,0.0,,0.0,,0.0,,0.0,,0.0,,0.0,,0.0,0.0,True,44.6,,40.8,29.1
,3,0,287.0,pet_500,flat,retreat_flat,4,345.3,-2.0,49.0,True,452.4,37.1,105.8,-52.9,True,0.0,,0.0,,0.0,,0.0,,0.0,,0.0,,0.0,0.0,True,45.6,,63.5,38.7
,3,0,287.0,pet_500,flat,retreat_flat,5,335.8,-2.0,49.0,True,452.4,35.4,109.2,-54.6,True,0.0,,0.0,,0.0,,0.0,,0.0,,0.0,,0.0,0.0,True,46.6,,65.5,
,3,0,287.0,pet_500,flat,retreat_flat,6,326.2,-2.0,49.0,True,452.4,33.7,112.5,-56.3,True,0.0,,0.0,,0.0,,0.0,,0.0,,0.0,,0.0,0.0,True,47.6,,68.8,
,3,0,287.0,pet_500,flat,retreat_flat,7,316.6,-2.0,49.0,True,452.4,32.1,115.8,-57.9,True,0.0,,0.0,,0.0,,0.0,,0.0,,0.0,,0.0,0.0,True,48.6,,73.3,
,3,0,287.0,pet_500,flat,retreat_flat,8,307.1,-2.0,49.0,True,452.4,30.5,119.0,-59.5,True,0.0,,0.0,,0.0,,0.0,,0.0,,0.0,,0.0,0.0,True,49.8,,,
,3,0,287.0,pet_500,flat,retreat_flat,9,297.6,-2.0,49.0,True,452.4,28.9,122.1,-61.1,True,0.0,,0.0,,0.0,,0.0,,0.0,,0.0,,0.0,0.0,True,52.5,,,
,3,0,287.0,pet_500,flat,retreat_flat,10,288.0,-2.0,49.0,True,452.4,27.4,125.2,-62.6,True,0.0,,0.0,,0.0,,0.0,,0.0,,0.0,,0.0,0.0,True,56.7,,,
,3,0,287.0,pet_500,lift12,touch,0,364.4,-0.0,30.5,True,454.4,40.6,98.8,-49.4,True,0.0,,0.0,,0.0,,0.0,,0.0,,0.0,,0.0,0.0,True,,,,
,3,0,287.0,pet_500,lift12,lipdrop,1,364.4,-2.0,30.5,True,452.4,40.6,98.8,-49.4,True,0.0,,0.0,,0.0,,0.0,,0.0,,0.0,,0.0,0.0,True,,,,
,3,0,287.0,pet_500,lift12,open,2,364.4,-2.0,49.0,True,452.4,40.6,98.8,-49.4,True,0.0,,0.0,,0.0,,0.0,,0.0,,0.0,,0.0,0.0,True,,,,
,3,0,287.0,pet_500,lift12,retreat_lift12,3,354.8,-0.5,49.0,True,453.9,38.8,102.3,-51.2,True,0.0,,0.0,,0.0,,0.0,,0.0,,0.0,,0.0,0.0,True,43.1,,40.4,29.2
,3,0,287.0,pet_500,lift12,retreat_lift12,4,345.3,1.0,49.0,True,455.4,37.1,105.8,-52.9,True,0.0,,0.0,,0.0,,0.0,,0.0,,0.0,,0.0,0.0,True,42.6,,60.4,38.9
,3,0,287.0,pet_500,lift12,retreat_lift12,5,335.8,2.5,49.0,True,456.9,35.4,109.2,-54.6,True,0.0,,0.0,,0.0,,0.0,,0.0,,0.0,,0.0,0.0,True,42.1,,59.9,
,3,0,287.0,pet_500,lift12,retreat_lift12,6,326.2,4.0,49.0,True,458.4,33.7,112.5,-56.3,True,0.0,,0.0,,0.0,,0.0,,0.0,,0.0,,0.0,0.0,True,41.6,,59.5,
,3,0,287.0,pet_500,lift12,retreat_lift12,7,316.6,5.5,49.0,True,459.9,32.1,115.8,-57.9,True,0.0,,0.0,,0.0,,0.0,,0.0,,0.0,,0.0,0.0,True,41.1,,59.0,
,3,0,287.0,pet_500,lift12,retreat_lift12,8,307.1,7.0,49.0,True,461.4,30.5,119.0,-59.5,True,0.0,,0.0,,0.0,,0.0,,0.0,,0.0,,0.0,0.0,True,41.0,,58.5,
,3,0,287.0,pet_500,lift12,retreat_lift12,9,297.6,8.5,49.0,True,462.9,28.9,122.1,-61.1,True,0.0,,0.0,,0.0,,0.0,,0.0,,0.0,,0.0,0.0,True,42.9,,58.0,
,3,0,287.0,pet_500,lift12,retreat_lift12,10,288.0,10.0,49.0,True,464.4,27.4,125.2,-62.6,True,0.0,,0.0,,0.0,,0.0,,0.0,,0.0,,0.0,0.0,True,46.8,,57.5,
,3,0,287.0,pet_600_soda,flat,touch,0,365.2,-0.0,30.5,True,481.4,40.8,98.4,-49.2,True,0.0,,0.0,,0.0,,0.0,,0.0,hand_jaw_B_C,0.0,,0.0,0.0,True,,,,
,3,0,287.0,pet_600_soda,flat,lipdrop,1,365.2,-2.0,30.5,True,479.4,40.8,98.4,-49.2,True,0.0,,0.0,,0.0,,0.0,,0.0,,0.0,,0.0,0.0,True,,,,
,3,0,287.0,pet_600_soda,flat,open,2,365.2,-2.0,49.0,True,479.4,40.8,98.4,-49.2,True,0.0,,0.0,,0.0,,0.0,,0.0,,0.0,,0.0,0.0,True,,,,
,3,0,287.0,pet_600_soda,flat,retreat_flat,3,355.6,-2.0,49.0,True,479.4,39.0,102.0,-51.0,True,0.0,,0.0,,0.0,,0.0,,0.0,,0.0,,0.0,0.0,True,17.7,,35.5,35.1
,3,0,287.0,pet_600_soda,flat,retreat_flat,4,345.9,-2.0,49.0,True,479.4,37.2,105.6,-52.8,True,0.0,,0.0,,0.0,,0.0,,0.0,,0.0,,0.0,0.0,True,18.7,,36.5,43.8
,3,0,287.0,pet_600_soda,flat,retreat_flat,5,336.3,-2.0,49.0,True,479.4,35.5,109.0,-54.5,True,0.0,,0.0,,0.0,,0.0,,0.0,,0.0,,0.0,0.0,True,19.7,,37.5,
,3,0,287.0,pet_600_soda,flat,retreat_flat,6,326.6,-2.0,49.0,True,479.4,33.8,112.4,-56.2,True,0.0,,0.0,,0.0,,0.0,,0.0,,0.0,,0.0,0.0,True,20.7,,38.5,
,3,0,287.0,pet_600_soda,flat,retreat_flat,7,317.0,-2.0,49.0,True,479.4,32.2,115.7,-57.8,True,0.0,,0.0,,0.0,,0.0,,0.0,,0.0,,0.0,0.0,True,21.7,,39.5,
,3,0,287.0,pet_600_soda,flat,retreat_flat,8,307.3,-2.0,49.0,True,479.4,30.5,118.9,-59.5,True,0.0,,0.0,,0.0,,0.0,,0.0,,0.0,,0.0,0.0,True,23.8,,40.5,
,3,0,287.0,pet_600_soda,flat,retreat_flat,9,297.7,-2.0,49.0,True,479.4,29.0,122.1,-61.0,True,0.0,,0.0,,0.0,,0.0,,0.0,,0.0,,0.0,0.0,True,29.1,,41.5,
,3,0,287.0,pet_600_soda,flat,retreat_flat,10,288.0,-2.0,49.0,True,479.4,27.4,125.2,-62.6,True,0.0,,0.0,,0.0,,0.0,,0.0,,0.0,,0.0,0.0,True,36.1,,42.6,
,3,0,287.0,pet_600_soda,lift12,touch,0,365.2,-0.0,30.5,True,481.4,40.8,98.4,-49.2,True,0.0,,0.0,,0.0,,0.0,,0.0,hand_jaw_B_C,0.0,,0.0,0.0,True,,,,
,3,0,287.0,pet_600_soda,lift12,lipdrop,1,365.2,-2.0,30.5,True,479.4,40.8,98.4,-49.2,True,0.0,,0.0,,0.0,,0.0,,0.0,,0.0,,0.0,0.0,True,,,,
,3,0,287.0,pet_600_soda,lift12,open,2,365.2,-2.0,49.0,True,479.4,40.8,98.4,-49.2,True,0.0,,0.0,,0.0,,0.0,,0.0,,0.0,,0.0,0.0,True,,,,
,3,0,287.0,pet_600_soda,lift12,retreat_lift12,3,355.6,-0.5,49.0,True,480.9,39.0,102.0,-51.0,True,0.0,,0.0,,0.0,,0.0,,0.0,,0.0,,0.0,0.0,True,16.2,,34.0,35.9
,3,0,287.0,pet_600_soda,lift12,retreat_lift12,4,345.9,1.0,49.0,True,482.4,37.2,105.6,-52.8,True,0.0,,0.0,,0.0,,0.0,,0.0,,0.0,,0.0,0.0,True,15.7,,33.5,45.1
,3,0,287.0,pet_600_soda,lift12,retreat_lift12,5,336.3,2.5,49.0,True,483.9,35.5,109.0,-54.5,True,0.0,,0.0,,0.0,,0.0,,0.0,,0.0,,0.0,0.0,True,15.2,,33.0,
,3,0,287.0,pet_600_soda,lift12,retreat_lift12,6,326.6,4.0,49.0,True,485.4,33.8,112.4,-56.2,True,0.0,,0.0,,0.0,,0.0,,0.0,,0.0,,0.0,0.0,True,14.7,,32.6,
,3,0,287.0,pet_600_soda,lift12,retreat_lift12,7,317.0,5.5,49.0,True,486.9,32.2,115.7,-57.8,True,0.0,,0.0,,0.0,,0.0,,0.0,,0.0,,0.0,0.0,True,14.2,,32.1,
,3,0,287.0,pet_600_soda,lift12,retreat_lift12,8,307.3,7.0,49.0,True,488.4,30.5,118.9,-59.5,True,0.0,,0.0,,0.0,,0.0,,0.0,,0.0,,0.0,0.0,True,16.0,,31.6,
,3,0,287.0,pet_600_soda,lift12,retreat_lift12,9,297.7,8.5,49.0,True,489.9,29.0,122.1,-61.0,True,0.0,,0.0,,0.0,,0.0,,0.0,,0.0,,0.0,0.0,True,22.3,,31.1,
,3,0,287.0,pet_600_soda,lift12,retreat_lift12,10,288.0,10.0,49.0,True,491.4,27.4,125.2,-62.6,True,0.0,,0.0,,0.0,,0.0,,0.0,,0.0,,0.0,0.0,True,30.4,,30.6,
,3,0,318.0,pet_500,flat,touch,0,364.4,-0.0,30.5,True,454.4,40.6,98.8,-49.4,True,0.0,,0.0,,0.0,,0.0,,0.0,,0.0,,0.0,0.0,True,,,,
,3,0,318.0,pet_500,flat,lipdrop,1,364.4,-2.0,30.5,True,452.4,40.6,98.8,-49.4,True,0.0,,0.0,,0.0,,0.0,,0.0,,0.0,,0.0,0.0,True,,,,
,3,0,318.0,pet_500,flat,open,2,364.4,-2.0,49.0,True,452.4,40.6,98.8,-49.4,True,0.0,,0.0,,0.0,,0.0,,0.0,,0.0,,0.0,0.0,True,,,,
,3,0,318.0,pet_500,flat,retreat_flat,3,354.8,-2.0,49.0,True,452.4,38.8,102.3,-51.2,True,0.0,,0.0,,0.0,,0.0,,0.0,,0.0,,0.0,0.0,True,,,,28.2
,3,0,318.0,pet_500,flat,retreat_flat,4,345.3,-2.0,49.0,True,452.4,37.1,105.8,-52.9,True,0.0,,0.0,,0.0,,0.0,,0.0,,0.0,,0.0,0.0,True,,,,37.8
,3,0,318.0,pet_500,flat,retreat_flat,5,335.8,-2.0,49.0,True,452.4,35.4,109.2,-54.6,True,0.0,,0.0,,0.0,,0.0,,0.0,,0.0,,0.0,0.0,True,,,,
,3,0,318.0,pet_500,flat,retreat_flat,6,326.2,-2.0,49.0,True,452.4,33.7,112.5,-56.3,True,0.0,,0.0,,0.0,,0.0,,0.0,,0.0,,0.0,0.0,True,,,,
,3,0,318.0,pet_500,flat,retreat_flat,7,316.6,-2.0,49.0,True,452.4,32.1,115.8,-57.9,True,0.0,,0.0,,0.0,,0.0,,0.0,,0.0,,0.0,0.0,True,,,,
,3,0,318.0,pet_500,flat,retreat_flat,8,307.1,-2.0,49.0,True,452.4,30.5,119.0,-59.5,True,0.0,,0.0,,0.0,,0.0,,0.0,,0.0,,0.0,0.0,True,,,,
,3,0,318.0,pet_500,flat,retreat_flat,9,297.6,-2.0,49.0,True,452.4,28.9,122.1,-61.1,True,0.0,,0.0,,0.0,,0.0,,0.0,,0.0,,0.0,0.0,True,,,,
,3,0,318.0,pet_500,flat,retreat_flat,10,288.0,-2.0,49.0,True,452.4,27.4,125.2,-62.6,True,0.0,,0.0,,0.0,,0.0,,0.0,,0.0,,0.0,0.0,True,,,,
,3,0,318.0,pet_500,lift12,touch,0,364.4,-0.0,30.5,True,454.4,40.6,98.8,-49.4,True,0.0,,0.0,,0.0,,0.0,,0.0,,0.0,,0.0,0.0,True,,,,
,3,0,318.0,pet_500,lift12,lipdrop,1,364.4,-2.0,30.5,True,452.4,40.6,98.8,-49.4,True,0.0,,0.0,,0.0,,0.0,,0.0,,0.0,,0.0,0.0,True,,,,
,3,0,318.0,pet_500,lift12,open,2,364.4,-2.0,49.0,True,452.4,40.6,98.8,-49.4,True,0.0,,0.0,,0.0,,0.0,,0.0,,0.0,,0.0,0.0,True,,,,
,3,0,318.0,pet_500,lift12,retreat_lift12,3,354.8,-0.5,49.0,True,453.9,38.8,102.3,-51.2,True,0.0,,0.0,,0.0,,0.0,,0.0,,0.0,,0.0,0.0,True,,,,28.2
,3,0,318.0,pet_500,lift12,retreat_lift12,4,345.3,1.0,49.0,True,455.4,37.1,105.8,-52.9,True,0.0,,0.0,,0.0,,0.0,,0.0,,0.0,,0.0,0.0,True,,,,37.8
,3,0,318.0,pet_500,lift12,retreat_lift12,5,335.8,2.5,49.0,True,456.9,35.4,109.2,-54.6,True,0.0,,0.0,,0.0,,0.0,,0.0,,0.0,,0.0,0.0,True,,,,
,3,0,318.0,pet_500,lift12,retreat_lift12,6,326.2,4.0,49.0,True,458.4,33.7,112.5,-56.3,True,0.0,,0.0,,0.0,,0.0,,0.0,,0.0,,0.0,0.0,True,,,,
,3,0,318.0,pet_500,lift12,retreat_lift12,7,316.6,5.5,49.0,True,459.9,32.1,115.8,-57.9,True,0.0,,0.0,,0.0,,0.0,,0.0,,0.0,,0.0,0.0,True,,,,
,3,0,318.0,pet_500,lift12,retreat_lift12,8,307.1,7.0,49.0,True,461.4,30.5,119.0,-59.5,True,0.0,,0.0,,0.0,,0.0,,0.0,,0.0,,0.0,0.0,True,,,,
,3,0,318.0,pet_500,lift12,retreat_lift12,9,297.6,8.5,49.0,True,462.9,28.9,122.1,-61.1,True,0.0,,0.0,,0.0,,0.0,,0.0,,0.0,,0.0,0.0,True,,,,
,3,0,318.0,pet_500,lift12,retreat_lift12,10,288.0,10.0,49.0,True,464.4,27.4,125.2,-62.6,True,0.0,,0.0,,0.0,,0.0,,0.0,,0.0,,0.0,0.0,True,,,,
,3,0,318.0,pet_600_soda,flat,touch,0,365.2,-0.0,30.5,True,481.4,40.8,98.4,-49.2,True,0.0,,0.0,,0.0,,0.0,,0.0,hand_jaw_B_C,0.0,,0.0,0.0,True,,,,
,3,0,318.0,pet_600_soda,flat,lipdrop,1,365.2,-2.0,30.5,True,479.4,40.8,98.4,-49.2,True,0.0,,0.0,,0.0,,0.0,,0.0,,0.0,,0.0,0.0,True,,,,
,3,0,318.0,pet_600_soda,flat,open,2,365.2,-2.0,49.0,True,479.4,40.8,98.4,-49.2,True,0.0,,0.0,,0.0,,0.0,,0.0,,0.0,,0.0,0.0,True,,,,
,3,0,318.0,pet_600_soda,flat,retreat_flat,3,355.6,-2.0,49.0,True,479.4,39.0,102.0,-51.0,True,0.0,,0.0,,0.0,,0.0,,0.0,,0.0,,0.0,0.0,True,48.5,,41.4,27.8
,3,0,318.0,pet_600_soda,flat,retreat_flat,4,345.9,-2.0,49.0,True,479.4,37.2,105.6,-52.8,True,0.0,,0.0,,0.0,,0.0,,0.0,,0.0,,0.0,0.0,True,49.5,,,37.4
,3,0,318.0,pet_600_soda,flat,retreat_flat,5,336.3,-2.0,49.0,True,479.4,35.5,109.0,-54.5,True,0.0,,0.0,,0.0,,0.0,,0.0,,0.0,,0.0,0.0,True,50.5,,,
,3,0,318.0,pet_600_soda,flat,retreat_flat,6,326.6,-2.0,49.0,True,479.4,33.8,112.4,-56.2,True,0.0,,0.0,,0.0,,0.0,,0.0,,0.0,,0.0,0.0,True,51.5,,,
,3,0,318.0,pet_600_soda,flat,retreat_flat,7,317.0,-2.0,49.0,True,479.4,32.2,115.7,-57.8,True,0.0,,0.0,,0.0,,0.0,,0.0,,0.0,,0.0,0.0,True,52.5,,,
,3,0,318.0,pet_600_soda,flat,retreat_flat,8,307.3,-2.0,49.0,True,479.4,30.5,118.9,-59.5,True,0.0,,0.0,,0.0,,0.0,,0.0,,0.0,,0.0,0.0,True,54.0,,,
,3,0,318.0,pet_600_soda,flat,retreat_flat,9,297.7,-2.0,49.0,True,479.4,29.0,122.1,-61.0,True,0.0,,0.0,,0.0,,0.0,,0.0,,0.0,,0.0,0.0,True,57.1,,,
,3,0,318.0,pet_600_soda,flat,retreat_flat,10,288.0,-2.0,49.0,True,479.4,27.4,125.2,-62.6,True,0.0,,0.0,,0.0,,0.0,,0.0,,0.0,,0.0,0.0,True,61.5,,,
,3,0,318.0,pet_600_soda,lift12,touch,0,365.2,-0.0,30.5,True,481.4,40.8,98.4,-49.2,True,0.0,,0.0,,0.0,,0.0,,0.0,hand_jaw_B_C,0.0,,0.0,0.0,True,,,,
,3,0,318.0,pet_600_soda,lift12,lipdrop,1,365.2,-2.0,30.5,True,479.4,40.8,98.4,-49.2,True,0.0,,0.0,,0.0,,0.0,,0.0,,0.0,,0.0,0.0,True,,,,
,3,0,318.0,pet_600_soda,lift12,open,2,365.2,-2.0,49.0,True,479.4,40.8,98.4,-49.2,True,0.0,,0.0,,0.0,,0.0,,0.0,,0.0,,0.0,0.0,True,,,,
,3,0,318.0,pet_600_soda,lift12,retreat_lift12,3,355.6,-0.5,49.0,True,480.9,39.0,102.0,-51.0,True,0.0,,0.0,,0.0,,0.0,,0.0,,0.0,,0.0,0.0,True,47.0,,40.8,28.0
,3,0,318.0,pet_600_soda,lift12,retreat_lift12,4,345.9,1.0,49.0,True,482.4,37.2,105.6,-52.8,True,0.0,,0.0,,0.0,,0.0,,0.0,,0.0,,0.0,0.0,True,46.5,,122.6,37.8
,3,0,318.0,pet_600_soda,lift12,retreat_lift12,5,336.3,2.5,49.0,True,483.9,35.5,109.0,-54.5,True,0.0,,0.0,,0.0,,0.0,,0.0,,0.0,,0.0,0.0,True,46.0,,64.3,
,3,0,318.0,pet_600_soda,lift12,retreat_lift12,6,326.6,4.0,49.0,True,485.4,33.8,112.4,-56.2,True,0.0,,0.0,,0.0,,0.0,,0.0,,0.0,,0.0,0.0,True,45.5,,63.5,
,3,0,318.0,pet_600_soda,lift12,retreat_lift12,7,317.0,5.5,49.0,True,486.9,32.2,115.7,-57.8,True,0.0,,0.0,,0.0,,0.0,,0.0,,0.0,,0.0,0.0,True,45.1,,62.9,
,3,0,318.0,pet_600_soda,lift12,retreat_lift12,8,307.3,7.0,49.0,True,488.4,30.5,118.9,-59.5,True,0.0,,0.0,,0.0,,0.0,,0.0,,0.0,,0.0,0.0,True,45.3,,62.4,
,3,0,318.0,pet_600_soda,lift12,retreat_lift12,9,297.7,8.5,49.0,True,489.9,29.0,122.1,-61.0,True,0.0,,0.0,,0.0,,0.0,,0.0,,0.0,,0.0,0.0,True,47.6,,61.9,
,3,0,318.0,pet_600_soda,lift12,retreat_lift12,10,288.0,10.0,49.0,True,491.4,27.4,125.2,-62.6,True,0.0,,0.0,,0.0,,0.0,,0.0,,0.0,,0.0,0.0,True,51.7,,61.5,
,3,0,381.0,pet_500,flat,touch,0,364.4,-0.0,30.5,True,454.4,40.6,98.8,-49.4,True,0.0,,0.0,,0.0,,0.0,,0.0,,0.0,,0.0,0.0,True,,,,
,3,0,381.0,pet_500,flat,lipdrop,1,364.4,-2.0,30.5,True,452.4,40.6,98.8,-49.4,True,0.0,,0.0,,0.0,,0.0,,0.0,,0.0,,0.0,0.0,True,,,,
,3,0,381.0,pet_500,flat,open,2,364.4,-2.0,49.0,True,452.4,40.6,98.8,-49.4,True,0.0,,0.0,,0.0,,0.0,,0.0,,0.0,,0.0,0.0,True,,,,
,3,0,381.0,pet_500,flat,retreat_flat,3,354.8,-2.0,49.0,True,452.4,38.8,102.3,-51.2,True,0.0,,0.0,,0.0,,0.0,,0.0,,0.0,,0.0,0.0,True,,,,
,3,0,381.0,pet_500,flat,retreat_flat,4,345.3,-2.0,49.0,True,452.4,37.1,105.8,-52.9,True,0.0,,0.0,,0.0,,0.0,,0.0,,0.0,,0.0,0.0,True,,,,
,3,0,381.0,pet_500,flat,retreat_flat,5,335.8,-2.0,49.0,True,452.4,35.4,109.2,-54.6,True,0.0,,0.0,,0.0,,0.0,,0.0,,0.0,,0.0,0.0,True,,,,
,3,0,381.0,pet_500,flat,retreat_flat,6,326.2,-2.0,49.0,True,452.4,33.7,112.5,-56.3,True,0.0,,0.0,,0.0,,0.0,,0.0,,0.0,,0.0,0.0,True,,,,
,3,0,381.0,pet_500,flat,retreat_flat,7,316.6,-2.0,49.0,True,452.4,32.1,115.8,-57.9,True,0.0,,0.0,,0.0,,0.0,,0.0,,0.0,,0.0,0.0,True,,,,
,3,0,381.0,pet_500,flat,retreat_flat,8,307.1,-2.0,49.0,True,452.4,30.5,119.0,-59.5,True,0.0,,0.0,,0.0,,0.0,,0.0,,0.0,,0.0,0.0,True,,,,
,3,0,381.0,pet_500,flat,retreat_flat,9,297.6,-2.0,49.0,True,452.4,28.9,122.1,-61.1,True,0.0,,0.0,,0.0,,0.0,,0.0,,0.0,,0.0,0.0,True,,,,
,3,0,381.0,pet_500,flat,retreat_flat,10,288.0,-2.0,49.0,True,452.4,27.4,125.2,-62.6,True,0.0,,0.0,,0.0,,0.0,,0.0,,0.0,,0.0,0.0,True,,,,
,3,0,381.0,pet_500,lift12,touch,0,364.4,-0.0,30.5,True,454.4,40.6,98.8,-49.4,True,0.0,,0.0,,0.0,,0.0,,0.0,,0.0,,0.0,0.0,True,,,,
,3,0,381.0,pet_500,lift12,lipdrop,1,364.4,-2.0,30.5,True,452.4,40.6,98.8,-49.4,True,0.0,,0.0,,0.0,,0.0,,0.0,,0.0,,0.0,0.0,True,,,,
,3,0,381.0,pet_500,lift12,open,2,364.4,-2.0,49.0,True,452.4,40.6,98.8,-49.4,True,0.0,,0.0,,0.0,,0.0,,0.0,,0.0,,0.0,0.0,True,,,,
,3,0,381.0,pet_500,lift12,retreat_lift12,3,354.8,-0.5,49.0,True,453.9,38.8,102.3,-51.2,True,0.0,,0.0,,0.0,,0.0,,0.0,,0.0,,0.0,0.0,True,,,,
,3,0,381.0,pet_500,lift12,retreat_lift12,4,345.3,1.0,49.0,True,455.4,37.1,105.8,-52.9,True,0.0,,0.0,,0.0,,0.0,,0.0,,0.0,,0.0,0.0,True,,,,
,3,0,381.0,pet_500,lift12,retreat_lift12,5,335.8,2.5,49.0,True,456.9,35.4,109.2,-54.6,True,0.0,,0.0,,0.0,,0.0,,0.0,,0.0,,0.0,0.0,True,,,,
,3,0,381.0,pet_500,lift12,retreat_lift12,6,326.2,4.0,49.0,True,458.4,33.7,112.5,-56.3,True,0.0,,0.0,,0.0,,0.0,,0.0,,0.0,,0.0,0.0,True,,,,
,3,0,381.0,pet_500,lift12,retreat_lift12,7,316.6,5.5,49.0,True,459.9,32.1,115.8,-57.9,True,0.0,,0.0,,0.0,,0.0,,0.0,,0.0,,0.0,0.0,True,,,,
,3,0,381.0,pet_500,lift12,retreat_lift12,8,307.1,7.0,49.0,True,461.4,30.5,119.0,-59.5,True,0.0,,0.0,,0.0,,0.0,,0.0,,0.0,,0.0,0.0,True,,,,
,3,0,381.0,pet_500,lift12,retreat_lift12,9,297.6,8.5,49.0,True,462.9,28.9,122.1,-61.1,True,0.0,,0.0,,0.0,,0.0,,0.0,,0.0,,0.0,0.0,True,,,,
,3,0,381.0,pet_500,lift12,retreat_lift12,10,288.0,10.0,49.0,True,464.4,27.4,125.2,-62.6,True,0.0,,0.0,,0.0,,0.0,,0.0,,0.0,,0.0,0.0,True,,,,
,3,0,381.0,pet_600_soda,flat,touch,0,365.2,-0.0,30.5,True,481.4,40.8,98.4,-49.2,True,0.0,,0.0,,0.0,,0.0,,0.0,hand_jaw_B_C,0.0,,0.0,0.0,True,,,,
,3,0,381.0,pet_600_soda,flat,lipdrop,1,365.2,-2.0,30.5,True,479.4,40.8,98.4,-49.2,True,0.0,,0.0,,0.0,,0.0,,0.0,,0.0,,0.0,0.0,True,,,,
,3,0,381.0,pet_600_soda,flat,open,2,365.2,-2.0,49.0,True,479.4,40.8,98.4,-49.2,True,0.0,,0.0,,0.0,,0.0,,0.0,,0.0,,0.0,0.0,True,,,,
,3,0,381.0,pet_600_soda,flat,retreat_flat,3,355.6,-2.0,49.0,True,479.4,39.0,102.0,-51.0,True,0.0,,0.0,,0.0,,0.0,,0.0,,0.0,,0.0,0.0,True,,,,
,3,0,381.0,pet_600_soda,flat,retreat_flat,4,345.9,-2.0,49.0,True,479.4,37.2,105.6,-52.8,True,0.0,,0.0,,0.0,,0.0,,0.0,,0.0,,0.0,0.0,True,,,,
,3,0,381.0,pet_600_soda,flat,retreat_flat,5,336.3,-2.0,49.0,True,479.4,35.5,109.0,-54.5,True,0.0,,0.0,,0.0,,0.0,,0.0,,0.0,,0.0,0.0,True,,,,
,3,0,381.0,pet_600_soda,flat,retreat_flat,6,326.6,-2.0,49.0,True,479.4,33.8,112.4,-56.2,True,0.0,,0.0,,0.0,,0.0,,0.0,,0.0,,0.0,0.0,True,,,,
,3,0,381.0,pet_600_soda,flat,retreat_flat,7,317.0,-2.0,49.0,True,479.4,32.2,115.7,-57.8,True,0.0,,0.0,,0.0,,0.0,,0.0,,0.0,,0.0,0.0,True,,,,
,3,0,381.0,pet_600_soda,flat,retreat_flat,8,307.3,-2.0,49.0,True,479.4,30.5,118.9,-59.5,True,0.0,,0.0,,0.0,,0.0,,0.0,,0.0,,0.0,0.0,True,,,,
,3,0,381.0,pet_600_soda,flat,retreat_flat,9,297.7,-2.0,49.0,True,479.4,29.0,122.1,-61.0,True,0.0,,0.0,,0.0,,0.0,,0.0,,0.0,,0.0,0.0,True,,,,
,3,0,381.0,pet_600_soda,flat,retreat_flat,10,288.0,-2.0,49.0,True,479.4,27.4,125.2,-62.6,True,0.0,,0.0,,0.0,,0.0,,0.0,,0.0,,0.0,0.0,True,,,,
,3,0,381.0,pet_600_soda,lift12,touch,0,365.2,-0.0,30.5,True,481.4,40.8,98.4,-49.2,True,0.0,,0.0,,0.0,,0.0,,0.0,hand_jaw_B_C,0.0,,0.0,0.0,True,,,,
,3,0,381.0,pet_600_soda,lift12,lipdrop,1,365.2,-2.0,30.5,True,479.4,40.8,98.4,-49.2,True,0.0,,0.0,,0.0,,0.0,,0.0,,0.0,,0.0,0.0,True,,,,
,3,0,381.0,pet_600_soda,lift12,open,2,365.2,-2.0,49.0,True,479.4,40.8,98.4,-49.2,True,0.0,,0.0,,0.0,,0.0,,0.0,,0.0,,0.0,0.0,True,,,,
,3,0,381.0,pet_600_soda,lift12,retreat_lift12,3,355.6,-0.5,49.0,True,480.9,39.0,102.0,-51.0,True,0.0,,0.0,,0.0,,0.0,,0.0,,0.0,,0.0,0.0,True,,,,
,3,0,381.0,pet_600_soda,lift12,retreat_lift12,4,345.9,1.0,49.0,True,482.4,37.2,105.6,-52.8,True,0.0,,0.0,,0.0,,0.0,,0.0,,0.0,,0.0,0.0,True,,,,
,3,0,381.0,pet_600_soda,lift12,retreat_lift12,5,336.3,2.5,49.0,True,483.9,35.5,109.0,-54.5,True,0.0,,0.0,,0.0,,0.0,,0.0,,0.0,,0.0,0.0,True,,,,
,3,0,381.0,pet_600_soda,lift12,retreat_lift12,6,326.6,4.0,49.0,True,485.4,33.8,112.4,-56.2,True,0.0,,0.0,,0.0,,0.0,,0.0,,0.0,,0.0,0.0,True,,,,
,3,0,381.0,pet_600_soda,lift12,retreat_lift12,7,317.0,5.5,49.0,True,486.9,32.2,115.7,-57.8,True,0.0,,0.0,,0.0,,0.0,,0.0,,0.0,,0.0,0.0,True,,,,
,3,0,381.0,pet_600_soda,lift12,retreat_lift12,8,307.3,7.0,49.0,True,488.4,30.5,118.9,-59.5,True,0.0,,0.0,,0.0,,0.0,,0.0,,0.0,,0.0,0.0,True,,,,
,3,0,381.0,pet_600_soda,lift12,retreat_lift12,9,297.7,8.5,49.0,True,489.9,29.0,122.1,-61.0,True,0.0,,0.0,,0.0,,0.0,,0.0,,0.0,,0.0,0.0,True,,,,
,3,0,381.0,pet_600_soda,lift12,retreat_lift12,10,288.0,10.0,49.0,True,491.4,27.4,125.2,-62.6,True,0.0,,0.0,,0.0,,0.0,,0.0,,0.0,,0.0,0.0,True,,,,
,3,1,287.0,pet_500,flat,touch,0,364.4,-0.0,30.5,True,741.4,40.6,98.8,-49.4,True,0.0,,0.0,,0.0,,0.0,,0.0,hand_jaw_B_C,0.0,,0.0,0.0,True,,,,
,3,1,287.0,pet_500,flat,lipdrop,1,364.4,-2.0,30.5,True,739.4,40.6,98.8,-49.4,True,0.0,,0.0,,0.0,,0.0,,0.0,,0.0,,0.0,0.0,True,,,,
,3,1,287.0,pet_500,flat,open,2,364.4,-2.0,49.0,True,739.4,40.6,98.8,-49.4,True,0.0,,0.0,,0.0,,0.0,,0.0,,0.0,,0.0,0.0,True,,,,
,3,1,287.0,pet_500,flat,retreat_flat,3,354.8,-2.0,49.0,True,739.4,38.8,102.3,-51.2,True,0.0,,0.0,,0.0,,0.0,,0.0,,0.0,,0.0,0.0,True,,,,
,3,1,287.0,pet_500,flat,retreat_flat,4,345.3,-2.0,49.0,True,739.4,37.1,105.8,-52.9,True,0.0,,0.0,,0.0,,0.0,,0.0,,0.0,,0.0,0.0,True,,,,
,3,1,287.0,pet_500,flat,retreat_flat,5,335.8,-2.0,49.0,True,739.4,35.4,109.2,-54.6,True,0.0,,0.0,,0.0,,0.0,,0.0,,0.0,,0.0,0.0,True,,,,
,3,1,287.0,pet_500,flat,retreat_flat,6,326.2,-2.0,49.0,True,739.4,33.7,112.5,-56.3,True,0.0,,0.0,,0.0,,0.0,,0.0,,0.0,,0.0,0.0,True,,,,
,3,1,287.0,pet_500,flat,retreat_flat,7,316.6,-2.0,49.0,True,739.4,32.1,115.8,-57.9,True,0.0,,0.0,,0.0,,0.0,,0.0,,0.0,,0.0,0.0,True,,,,
,3,1,287.0,pet_500,flat,retreat_flat,8,307.1,-2.0,49.0,True,739.4,30.5,119.0,-59.5,True,0.0,,0.0,,0.0,,0.0,,0.0,,0.0,,0.0,0.0,True,,,,
,3,1,287.0,pet_500,flat,retreat_flat,9,297.6,-2.0,49.0,True,739.4,28.9,122.1,-61.1,True,0.0,,0.0,,0.0,,0.0,,0.0,,0.0,,0.0,0.0,True,,,,
,3,1,287.0,pet_500,flat,retreat_flat,10,288.0,-2.0,49.0,True,739.4,27.4,125.2,-62.6,True,0.0,,0.0,,0.0,,0.0,,0.0,,0.0,,0.0,0.0,True,,,,
,3,1,287.0,pet_500,lift12,touch,0,364.4,-0.0,30.5,True,741.4,40.6,98.8,-49.4,True,0.0,,0.0,,0.0,,0.0,,0.0,hand_jaw_B_C,0.0,,0.0,0.0,True,,,,
,3,1,287.0,pet_500,lift12,lipdrop,1,364.4,-2.0,30.5,True,739.4,40.6,98.8,-49.4,True,0.0,,0.0,,0.0,,0.0,,0.0,,0.0,,0.0,0.0,True,,,,
,3,1,287.0,pet_500,lift12,open,2,364.4,-2.0,49.0,True,739.4,40.6,98.8,-49.4,True,0.0,,0.0,,0.0,,0.0,,0.0,,0.0,,0.0,0.0,True,,,,
,3,1,287.0,pet_500,lift12,retreat_lift12,3,354.8,-0.5,49.0,True,740.9,38.8,102.3,-51.2,True,0.0,,0.0,,0.0,,0.0,,0.0,,0.0,,0.0,0.0,True,,,,
,3,1,287.0,pet_500,lift12,retreat_lift12,4,345.3,1.0,49.0,True,742.4,37.1,105.8,-52.9,True,0.0,,0.0,,0.0,,0.0,,0.0,,0.0,,0.0,0.0,True,,,,
,3,1,287.0,pet_500,lift12,retreat_lift12,5,335.8,2.5,49.0,True,743.9,35.4,109.2,-54.6,True,0.0,,0.0,,0.0,,0.0,,0.0,,0.0,,0.0,0.0,True,,,,
,3,1,287.0,pet_500,lift12,retreat_lift12,6,326.2,4.0,49.0,True,745.4,33.7,112.5,-56.3,True,0.0,,0.0,,0.0,,0.0,,0.0,,0.0,,0.0,0.0,True,,,,
,3,1,287.0,pet_500,lift12,retreat_lift12,7,316.6,5.5,49.0,True,746.9,32.1,115.8,-57.9,True,0.0,,0.0,,0.0,,0.0,,0.0,,0.0,,0.0,0.0,True,,,,
,3,1,287.0,pet_500,lift12,retreat_lift12,8,307.1,7.0,49.0,True,748.4,30.5,119.0,-59.5,True,0.0,,0.0,,0.0,,0.0,,0.0,,0.0,,0.0,0.0,True,,,,
,3,1,287.0,pet_500,lift12,retreat_lift12,9,297.6,8.5,49.0,True,749.9,28.9,122.1,-61.1,True,0.0,,0.0,,0.0,,0.0,,0.0,,0.0,,0.0,0.0,True,,,,
,3,1,287.0,pet_500,lift12,retreat_lift12,10,288.0,10.0,49.0,True,751.4,27.4,125.2,-62.6,True,0.0,,0.0,,0.0,,0.0,,0.0,,0.0,,0.0,0.0,True,,,,
,3,1,287.0,pet_600_soda,flat,touch,0,365.2,-0.0,30.5,True,768.4,40.8,98.4,-49.2,True,0.0,,0.0,,0.0,,0.0,,0.0,,0.0,,0.0,0.0,True,,,,
,3,1,287.0,pet_600_soda,flat,lipdrop,1,365.2,-2.0,30.5,True,766.4,40.8,98.4,-49.2,True,0.0,,0.0,,0.0,,0.0,,0.0,,0.0,,0.0,0.0,True,,,,
,3,1,287.0,pet_600_soda,flat,open,2,365.2,-2.0,49.0,True,766.4,40.8,98.4,-49.2,True,0.0,,0.0,,0.0,,0.0,,0.0,,0.0,,0.0,0.0,True,,,,
,3,1,287.0,pet_600_soda,flat,retreat_flat,3,355.6,-2.0,49.0,True,766.4,39.0,102.0,-51.0,True,0.0,,0.0,,0.0,,0.0,,0.0,,0.0,,0.0,0.0,True,,,,
,3,1,287.0,pet_600_soda,flat,retreat_flat,4,345.9,-2.0,49.0,True,766.4,37.2,105.6,-52.8,True,0.0,,0.0,,0.0,,0.0,,0.0,,0.0,,0.0,0.0,True,,,,
,3,1,287.0,pet_600_soda,flat,retreat_flat,5,336.3,-2.0,49.0,True,766.4,35.5,109.0,-54.5,True,0.0,,0.0,,0.0,,0.0,,0.0,,0.0,,0.0,0.0,True,,,,
,3,1,287.0,pet_600_soda,flat,retreat_flat,6,326.6,-2.0,49.0,True,766.4,33.8,112.4,-56.2,True,0.0,,0.0,,0.0,,0.0,,0.0,,0.0,,0.0,0.0,True,,,,
,3,1,287.0,pet_600_soda,flat,retreat_flat,7,317.0,-2.0,49.0,True,766.4,32.2,115.7,-57.8,True,0.0,,0.0,,0.0,,0.0,,0.0,,0.0,,0.0,0.0,True,,,,
,3,1,287.0,pet_600_soda,flat,retreat_flat,8,307.3,-2.0,49.0,True,766.4,30.5,118.9,-59.5,True,0.0,,0.0,,0.0,,0.0,,0.0,,0.0,,0.0,0.0,True,,,,
,3,1,287.0,pet_600_soda,flat,retreat_flat,9,297.7,-2.0,49.0,True,766.4,29.0,122.1,-61.0,True,0.0,,0.0,,0.0,,0.0,,0.0,,0.0,,0.0,0.0,True,,,,
,3,1,287.0,pet_600_soda,flat,retreat_flat,10,288.0,-2.0,49.0,True,766.4,27.4,125.2,-62.6,True,0.0,,0.0,,0.0,,0.0,,0.0,,0.0,,0.0,0.0,True,,,,
,3,1,287.0,pet_600_soda,lift12,touch,0,365.2,-0.0,30.5,True,768.4,40.8,98.4,-49.2,True,0.0,,0.0,,0.0,,0.0,,0.0,,0.0,,0.0,0.0,True,,,,
,3,1,287.0,pet_600_soda,lift12,lipdrop,1,365.2,-2.0,30.5,True,766.4,40.8,98.4,-49.2,True,0.0,,0.0,,0.0,,0.0,,0.0,,0.0,,0.0,0.0,True,,,,
,3,1,287.0,pet_600_soda,lift12,open,2,365.2,-2.0,49.0,True,766.4,40.8,98.4,-49.2,True,0.0,,0.0,,0.0,,0.0,,0.0,,0.0,,0.0,0.0,True,,,,
,3,1,287.0,pet_600_soda,lift12,retreat_lift12,3,355.6,-0.5,49.0,True,767.9,39.0,102.0,-51.0,True,0.0,,0.0,,0.0,,0.0,,0.0,,0.0,,0.0,0.0,True,,,,
,3,1,287.0,pet_600_soda,lift12,retreat_lift12,4,345.9,1.0,49.0,True,769.4,37.2,105.6,-52.8,True,0.0,,0.0,,0.0,,0.0,,0.0,,0.0,,0.0,0.0,True,,,,
,3,1,287.0,pet_600_soda,lift12,retreat_lift12,5,336.3,2.5,49.0,True,770.9,35.5,109.0,-54.5,True,0.0,,0.0,,0.0,,0.0,,0.0,,0.0,,0.0,0.0,True,,,,
,3,1,287.0,pet_600_soda,lift12,retreat_lift12,6,326.6,4.0,49.0,True,772.4,33.8,112.4,-56.2,True,0.0,,0.0,,0.0,,0.0,,0.0,,0.0,,0.0,0.0,True,,,,
,3,1,287.0,pet_600_soda,lift12,retreat_lift12,7,317.0,5.5,49.0,True,773.9,32.2,115.7,-57.8,True,0.0,,0.0,,0.0,,0.0,,0.0,,0.0,,0.0,0.0,True,,,,
,3,1,287.0,pet_600_soda,lift12,retreat_lift12,8,307.3,7.0,49.0,True,775.4,30.5,118.9,-59.5,True,0.0,,0.0,,0.0,,0.0,,0.0,,0.0,,0.0,0.0,True,,,,
,3,1,287.0,pet_600_soda,lift12,retreat_lift12,9,297.7,8.5,49.0,True,776.9,29.0,122.1,-61.0,True,0.0,,0.0,,0.0,,0.0,,0.0,,0.0,,0.0,0.0,True,,,,
,3,1,287.0,pet_600_soda,lift12,retreat_lift12,10,288.0,10.0,49.0,True,778.4,27.4,125.2,-62.6,True,0.0,,0.0,,0.0,,0.0,,0.0,,0.0,,0.0,0.0,True,,,,
,3,1,318.0,pet_500,flat,touch,0,364.4,-0.0,30.5,True,772.4,40.6,98.8,-49.4,True,0.0,,0.0,,0.0,,0.0,,0.0,,0.0,,0.0,0.0,True,,,,
,3,1,318.0,pet_500,flat,lipdrop,1,364.4,-2.0,30.5,True,770.4,40.6,98.8,-49.4,True,0.0,,0.0,,0.0,,0.0,,0.0,,0.0,,0.0,0.0,True,,,,
,3,1,318.0,pet_500,flat,open,2,364.4,-2.0,49.0,True,770.4,40.6,98.8,-49.4,True,0.0,,0.0,,0.0,,0.0,,0.0,,0.0,,0.0,0.0,True,,,,
,3,1,318.0,pet_500,flat,retreat_flat,3,354.8,-2.0,49.0,True,770.4,38.8,102.3,-51.2,True,0.0,,0.0,,0.0,,0.0,,0.0,,0.0,,0.0,0.0,True,,,,
,3,1,318.0,pet_500,flat,retreat_flat,4,345.3,-2.0,49.0,True,770.4,37.1,105.8,-52.9,True,0.0,,0.0,,0.0,,0.0,,0.0,,0.0,,0.0,0.0,True,,,,
,3,1,318.0,pet_500,flat,retreat_flat,5,335.8,-2.0,49.0,True,770.4,35.4,109.2,-54.6,True,0.0,,0.0,,0.0,,0.0,,0.0,,0.0,,0.0,0.0,True,,,,
,3,1,318.0,pet_500,flat,retreat_flat,6,326.2,-2.0,49.0,True,770.4,33.7,112.5,-56.3,True,0.0,,0.0,,0.0,,0.0,,0.0,,0.0,,0.0,0.0,True,,,,
,3,1,318.0,pet_500,flat,retreat_flat,7,316.6,-2.0,49.0,True,770.4,32.1,115.8,-57.9,True,0.0,,0.0,,0.0,,0.0,,0.0,,0.0,,0.0,0.0,True,,,,
,3,1,318.0,pet_500,flat,retreat_flat,8,307.1,-2.0,49.0,True,770.4,30.5,119.0,-59.5,True,0.0,,0.0,,0.0,,0.0,,0.0,,0.0,,0.0,0.0,True,,,,
,3,1,318.0,pet_500,flat,retreat_flat,9,297.6,-2.0,49.0,True,770.4,28.9,122.1,-61.1,True,0.0,,0.0,,0.0,,0.0,,0.0,,0.0,,0.0,0.0,True,,,,
,3,1,318.0,pet_500,flat,retreat_flat,10,288.0,-2.0,49.0,True,770.4,27.4,125.2,-62.6,True,0.0,,0.0,,0.0,,0.0,,0.0,,0.0,,0.0,0.0,True,,,,
,3,1,318.0,pet_500,lift12,touch,0,364.4,-0.0,30.5,True,772.4,40.6,98.8,-49.4,True,0.0,,0.0,,0.0,,0.0,,0.0,,0.0,,0.0,0.0,True,,,,
,3,1,318.0,pet_500,lift12,lipdrop,1,364.4,-2.0,30.5,True,770.4,40.6,98.8,-49.4,True,0.0,,0.0,,0.0,,0.0,,0.0,,0.0,,0.0,0.0,True,,,,
,3,1,318.0,pet_500,lift12,open,2,364.4,-2.0,49.0,True,770.4,40.6,98.8,-49.4,True,0.0,,0.0,,0.0,,0.0,,0.0,,0.0,,0.0,0.0,True,,,,
,3,1,318.0,pet_500,lift12,retreat_lift12,3,354.8,-0.5,49.0,True,771.9,38.8,102.3,-51.2,True,0.0,,0.0,,0.0,,0.0,,0.0,,0.0,,0.0,0.0,True,,,,
,3,1,318.0,pet_500,lift12,retreat_lift12,4,345.3,1.0,49.0,True,773.4,37.1,105.8,-52.9,True,0.0,,0.0,,0.0,,0.0,,0.0,,0.0,,0.0,0.0,True,,,,
,3,1,318.0,pet_500,lift12,retreat_lift12,5,335.8,2.5,49.0,True,774.9,35.4,109.2,-54.6,True,0.0,,0.0,,0.0,,0.0,,0.0,,0.0,,0.0,0.0,True,,,,
,3,1,318.0,pet_500,lift12,retreat_lift12,6,326.2,4.0,49.0,True,776.4,33.7,112.5,-56.3,True,0.0,,0.0,,0.0,,0.0,,0.0,,0.0,,0.0,0.0,True,,,,
,3,1,318.0,pet_500,lift12,retreat_lift12,7,316.6,5.5,49.0,True,777.9,32.1,115.8,-57.9,True,0.0,,0.0,,0.0,,0.0,,0.0,,0.0,,0.0,0.0,True,,,,
,3,1,318.0,pet_500,lift12,retreat_lift12,8,307.1,7.0,49.0,True,779.4,30.5,119.0,-59.5,True,0.0,,0.0,,0.0,,0.0,,0.0,,0.0,,0.0,0.0,True,,,,
,3,1,318.0,pet_500,lift12,retreat_lift12,9,297.6,8.5,49.0,True,780.9,28.9,122.1,-61.1,True,0.0,,0.0,,0.0,,0.0,,0.0,,0.0,,0.0,0.0,True,,,,
,3,1,318.0,pet_500,lift12,retreat_lift12,10,288.0,10.0,49.0,True,782.4,27.4,125.2,-62.6,True,0.0,,0.0,,0.0,,0.0,,0.0,,0.0,,0.0,0.0,True,,,,
,3,1,318.0,pet_600_soda,flat,touch,0,365.2,-0.0,30.5,True,799.4,40.8,98.4,-49.2,True,0.0,,0.0,,0.0,,0.0,,0.0,hand_jaw_B_C,0.0,,0.0,0.0,True,,,,
,3,1,318.0,pet_600_soda,flat,lipdrop,1,365.2,-2.0,30.5,True,797.4,40.8,98.4,-49.2,True,0.0,,0.0,,0.0,,0.0,,0.0,,0.0,,0.0,0.0,True,,,,
,3,1,318.0,pet_600_soda,flat,open,2,365.2,-2.0,49.0,True,797.4,40.8,98.4,-49.2,True,0.0,,0.0,,0.0,,0.0,,0.0,,0.0,,0.0,0.0,True,,,,
,3,1,318.0,pet_600_soda,flat,retreat_flat,3,355.6,-2.0,49.0,True,797.4,39.0,102.0,-51.0,True,0.0,,0.0,,0.0,,0.0,,0.0,,0.0,,0.0,0.0,True,,,,
,3,1,318.0,pet_600_soda,flat,retreat_flat,4,345.9,-2.0,49.0,True,797.4,37.2,105.6,-52.8,True,0.0,,0.0,,0.0,,0.0,,0.0,,0.0,,0.0,0.0,True,,,,
,3,1,318.0,pet_600_soda,flat,retreat_flat,5,336.3,-2.0,49.0,True,797.4,35.5,109.0,-54.5,True,0.0,,0.0,,0.0,,0.0,,0.0,,0.0,,0.0,0.0,True,,,,
,3,1,318.0,pet_600_soda,flat,retreat_flat,6,326.6,-2.0,49.0,True,797.4,33.8,112.4,-56.2,True,0.0,,0.0,,0.0,,0.0,,0.0,,0.0,,0.0,0.0,True,,,,
,3,1,318.0,pet_600_soda,flat,retreat_flat,7,317.0,-2.0,49.0,True,797.4,32.2,115.7,-57.8,True,0.0,,0.0,,0.0,,0.0,,0.0,,0.0,,0.0,0.0,True,,,,
,3,1,318.0,pet_600_soda,flat,retreat_flat,8,307.3,-2.0,49.0,True,797.4,30.5,118.9,-59.5,True,0.0,,0.0,,0.0,,0.0,,0.0,,0.0,,0.0,0.0,True,,,,
,3,1,318.0,pet_600_soda,flat,retreat_flat,9,297.7,-2.0,49.0,True,797.4,29.0,122.1,-61.0,True,0.0,,0.0,,0.0,,0.0,,0.0,,0.0,,0.0,0.0,True,,,,
,3,1,318.0,pet_600_soda,flat,retreat_flat,10,288.0,-2.0,49.0,True,797.4,27.4,125.2,-62.6,True,0.0,,0.0,,0.0,,0.0,,0.0,,0.0,,0.0,0.0,True,,,,
,3,1,318.0,pet_600_soda,lift12,touch,0,365.2,-0.0,30.5,True,799.4,40.8,98.4,-49.2,True,0.0,,0.0,,0.0,,0.0,,0.0,hand_jaw_B_C,0.0,,0.0,0.0,True,,,,
,3,1,318.0,pet_600_soda,lift12,lipdrop,1,365.2,-2.0,30.5,True,797.4,40.8,98.4,-49.2,True,0.0,,0.0,,0.0,,0.0,,0.0,,0.0,,0.0,0.0,True,,,,
,3,1,318.0,pet_600_soda,lift12,open,2,365.2,-2.0,49.0,True,797.4,40.8,98.4,-49.2,True,0.0,,0.0,,0.0,,0.0,,0.0,,0.0,,0.0,0.0,True,,,,
,3,1,318.0,pet_600_soda,lift12,retreat_lift12,3,355.6,-0.5,49.0,True,798.9,39.0,102.0,-51.0,True,0.0,,0.0,,0.0,,0.0,,0.0,,0.0,,0.0,0.0,True,,,,
,3,1,318.0,pet_600_soda,lift12,retreat_lift12,4,345.9,1.0,49.0,True,800.4,37.2,105.6,-52.8,True,0.0,,0.0,,0.0,,0.0,,0.0,,0.0,,0.0,0.0,True,,,,
,3,1,318.0,pet_600_soda,lift12,retreat_lift12,5,336.3,2.5,49.0,True,801.9,35.5,109.0,-54.5,True,0.0,,0.0,,0.0,,0.0,,0.0,,0.0,,0.0,0.0,True,,,,
,3,1,318.0,pet_600_soda,lift12,retreat_lift12,6,326.6,4.0,49.0,True,803.4,33.8,112.4,-56.2,True,0.0,,0.0,,0.0,,0.0,,0.0,,0.0,,0.0,0.0,True,,,,
,3,1,318.0,pet_600_soda,lift12,retreat_lift12,7,317.0,5.5,49.0,True,804.9,32.2,115.7,-57.8,True,0.0,,0.0,,0.0,,0.0,,0.0,,0.0,,0.0,0.0,True,,,,
,3,1,318.0,pet_600_soda,lift12,retreat_lift12,8,307.3,7.0,49.0,True,806.4,30.5,118.9,-59.5,True,0.0,,0.0,,0.0,,0.0,,0.0,,0.0,,0.0,0.0,True,,,,
,3,1,318.0,pet_600_soda,lift12,retreat_lift12,9,297.7,8.5,49.0,True,807.9,29.0,122.1,-61.0,True,0.0,,0.0,,0.0,,0.0,,0.0,,0.0,,0.0,0.0,True,,,,
,3,1,318.0,pet_600_soda,lift12,retreat_lift12,10,288.0,10.0,49.0,True,809.4,27.4,125.2,-62.6,True,0.0,,0.0,,0.0,,0.0,,0.0,,0.0,,0.0,0.0,True,,,,
,3,1,381.0,pet_500,flat,touch,0,364.4,-0.0,30.5,True,835.4,40.6,98.8,-49.4,True,0.0,,0.0,,0.0,,0.0,,0.0,hand_jaw_B_C,0.0,,0.0,0.0,True,,,,
,3,1,381.0,pet_500,flat,lipdrop,1,364.4,-2.0,30.5,True,833.4,40.6,98.8,-49.4,True,0.0,,0.0,,0.0,,0.0,,0.0,,0.0,,0.0,0.0,True,,,,
,3,1,381.0,pet_500,flat,open,2,364.4,-2.0,49.0,True,833.4,40.6,98.8,-49.4,True,0.0,,0.0,,0.0,,0.0,,0.0,,0.0,,0.0,0.0,True,,,,
,3,1,381.0,pet_500,flat,retreat_flat,3,354.8,-2.0,49.0,True,833.4,38.8,102.3,-51.2,True,0.0,,0.0,,0.0,,0.0,,0.0,,0.0,,0.0,0.0,True,,,,
,3,1,381.0,pet_500,flat,retreat_flat,4,345.3,-2.0,49.0,True,833.4,37.1,105.8,-52.9,True,0.0,,0.0,,0.0,,0.0,,0.0,,0.0,,0.0,0.0,True,,,,
,3,1,381.0,pet_500,flat,retreat_flat,5,335.8,-2.0,49.0,True,833.4,35.4,109.2,-54.6,True,0.0,,0.0,,0.0,,0.0,,0.0,,0.0,,0.0,0.0,True,,,,
,3,1,381.0,pet_500,flat,retreat_flat,6,326.2,-2.0,49.0,True,833.4,33.7,112.5,-56.3,True,0.0,,0.0,,0.0,,0.0,,0.0,,0.0,,0.0,0.0,True,,,,
,3,1,381.0,pet_500,flat,retreat_flat,7,316.6,-2.0,49.0,True,833.4,32.1,115.8,-57.9,True,0.0,,0.0,,0.0,,0.0,,0.0,,0.0,,0.0,0.0,True,,,,
,3,1,381.0,pet_500,flat,retreat_flat,8,307.1,-2.0,49.0,True,833.4,30.5,119.0,-59.5,True,0.0,,0.0,,0.0,,0.0,,0.0,,0.0,,0.0,0.0,True,,,,
,3,1,381.0,pet_500,flat,retreat_flat,9,297.6,-2.0,49.0,True,833.4,28.9,122.1,-61.1,True,0.0,,0.0,,0.0,,0.0,,0.0,,0.0,,0.0,0.0,True,,,,
,3,1,381.0,pet_500,flat,retreat_flat,10,288.0,-2.0,49.0,True,833.4,27.4,125.2,-62.6,True,0.0,,0.0,,0.0,,0.0,,0.0,,0.0,,0.0,0.0,True,,,,
,3,1,381.0,pet_500,lift12,touch,0,364.4,-0.0,30.5,True,835.4,40.6,98.8,-49.4,True,0.0,,0.0,,0.0,,0.0,,0.0,hand_jaw_B_C,0.0,,0.0,0.0,True,,,,
,3,1,381.0,pet_500,lift12,lipdrop,1,364.4,-2.0,30.5,True,833.4,40.6,98.8,-49.4,True,0.0,,0.0,,0.0,,0.0,,0.0,,0.0,,0.0,0.0,True,,,,
,3,1,381.0,pet_500,lift12,open,2,364.4,-2.0,49.0,True,833.4,40.6,98.8,-49.4,True,0.0,,0.0,,0.0,,0.0,,0.0,,0.0,,0.0,0.0,True,,,,
,3,1,381.0,pet_500,lift12,retreat_lift12,3,354.8,-0.5,49.0,True,834.9,38.8,102.3,-51.2,True,0.0,,0.0,,0.0,,0.0,,0.0,,0.0,,0.0,0.0,True,,,,
,3,1,381.0,pet_500,lift12,retreat_lift12,4,345.3,1.0,49.0,True,836.4,37.1,105.8,-52.9,True,0.0,,0.0,,0.0,,0.0,,0.0,,0.0,,0.0,0.0,True,,,,
,3,1,381.0,pet_500,lift12,retreat_lift12,5,335.8,2.5,49.0,True,837.9,35.4,109.2,-54.6,True,0.0,,0.0,,0.0,,0.0,,0.0,,0.0,,0.0,0.0,True,,,,
,3,1,381.0,pet_500,lift12,retreat_lift12,6,326.2,4.0,49.0,True,839.4,33.7,112.5,-56.3,True,0.0,,0.0,,0.0,,0.0,,0.0,,0.0,,0.0,0.0,True,,,,
,3,1,381.0,pet_500,lift12,retreat_lift12,7,316.6,5.5,49.0,True,840.9,32.1,115.8,-57.9,True,0.0,,0.0,,0.0,,0.0,,0.0,,0.0,,0.0,0.0,True,,,,
,3,1,381.0,pet_500,lift12,retreat_lift12,8,307.1,7.0,49.0,True,842.4,30.5,119.0,-59.5,True,0.0,,0.0,,0.0,,0.0,,0.0,,0.0,,0.0,0.0,True,,,,
,3,1,381.0,pet_500,lift12,retreat_lift12,9,297.6,8.5,49.0,True,843.9,28.9,122.1,-61.1,True,0.0,,0.0,,0.0,,0.0,,0.0,,0.0,,0.0,0.0,True,,,,
,3,1,381.0,pet_500,lift12,retreat_lift12,10,288.0,10.0,49.0,True,845.4,27.4,125.2,-62.6,True,0.0,,0.0,,0.0,,0.0,,0.0,,0.0,,0.0,0.0,True,,,,
,3,1,381.0,pet_600_soda,flat,touch,0,365.2,-0.0,30.5,True,862.4,40.8,98.4,-49.2,True,0.0,,0.0,,0.0,,0.0,,0.0,,0.0,,0.0,0.0,True,,,,
,3,1,381.0,pet_600_soda,flat,lipdrop,1,365.2,-2.0,30.5,True,860.4,40.8,98.4,-49.2,True,0.0,,0.0,,0.0,,0.0,,0.0,,0.0,,0.0,0.0,True,,,,
,3,1,381.0,pet_600_soda,flat,open,2,365.2,-2.0,49.0,True,860.4,40.8,98.4,-49.2,True,0.0,,0.0,,0.0,,0.0,,0.0,,0.0,,0.0,0.0,True,,,,
,3,1,381.0,pet_600_soda,flat,retreat_flat,3,355.6,-2.0,49.0,True,860.4,39.0,102.0,-51.0,True,0.0,,0.0,,0.0,,0.0,,0.0,,0.0,,0.0,0.0,True,,,,
,3,1,381.0,pet_600_soda,flat,retreat_flat,4,345.9,-2.0,49.0,True,860.4,37.2,105.6,-52.8,True,0.0,,0.0,,0.0,,0.0,,0.0,,0.0,,0.0,0.0,True,,,,
,3,1,381.0,pet_600_soda,flat,retreat_flat,5,336.3,-2.0,49.0,True,860.4,35.5,109.0,-54.5,True,0.0,,0.0,,0.0,,0.0,,0.0,,0.0,,0.0,0.0,True,,,,
,3,1,381.0,pet_600_soda,flat,retreat_flat,6,326.6,-2.0,49.0,True,860.4,33.8,112.4,-56.2,True,0.0,,0.0,,0.0,,0.0,,0.0,,0.0,,0.0,0.0,True,,,,
,3,1,381.0,pet_600_soda,flat,retreat_flat,7,317.0,-2.0,49.0,True,860.4,32.2,115.7,-57.8,True,0.0,,0.0,,0.0,,0.0,,0.0,,0.0,,0.0,0.0,True,,,,
,3,1,381.0,pet_600_soda,flat,retreat_flat,8,307.3,-2.0,49.0,True,860.4,30.5,118.9,-59.5,True,0.0,,0.0,,0.0,,0.0,,0.0,,0.0,,0.0,0.0,True,,,,
,3,1,381.0,pet_600_soda,flat,retreat_flat,9,297.7,-2.0,49.0,True,860.4,29.0,122.1,-61.0,True,0.0,,0.0,,0.0,,0.0,,0.0,,0.0,,0.0,0.0,True,,,,
,3,1,381.0,pet_600_soda,flat,retreat_flat,10,288.0,-2.0,49.0,True,860.4,27.4,125.2,-62.6,True,0.0,,0.0,,0.0,,0.0,,0.0,,0.0,,0.0,0.0,True,,,,
,3,1,381.0,pet_600_soda,lift12,touch,0,365.2,-0.0,30.5,True,862.4,40.8,98.4,-49.2,True,0.0,,0.0,,0.0,,0.0,,0.0,,0.0,,0.0,0.0,True,,,,
,3,1,381.0,pet_600_soda,lift12,lipdrop,1,365.2,-2.0,30.5,True,860.4,40.8,98.4,-49.2,True,0.0,,0.0,,0.0,,0.0,,0.0,,0.0,,0.0,0.0,True,,,,
,3,1,381.0,pet_600_soda,lift12,open,2,365.2,-2.0,49.0,True,860.4,40.8,98.4,-49.2,True,0.0,,0.0,,0.0,,0.0,,0.0,,0.0,,0.0,0.0,True,,,,
,3,1,381.0,pet_600_soda,lift12,retreat_lift12,3,355.6,-0.5,49.0,True,861.9,39.0,102.0,-51.0,True,0.0,,0.0,,0.0,,0.0,,0.0,,0.0,,0.0,0.0,True,,,,
,3,1,381.0,pet_600_soda,lift12,retreat_lift12,4,345.9,1.0,49.0,True,863.4,37.2,105.6,-52.8,True,0.0,,0.0,,0.0,,0.0,,0.0,,0.0,,0.0,0.0,True,,,,
,3,1,381.0,pet_600_soda,lift12,retreat_lift12,5,336.3,2.5,49.0,True,864.9,35.5,109.0,-54.5,True,0.0,,0.0,,0.0,,0.0,,0.0,,0.0,,0.0,0.0,True,,,,
,3,1,381.0,pet_600_soda,lift12,retreat_lift12,6,326.6,4.0,49.0,True,866.4,33.8,112.4,-56.2,True,0.0,,0.0,,0.0,,0.0,,0.0,,0.0,,0.0,0.0,True,,,,
,3,1,381.0,pet_600_soda,lift12,retreat_lift12,7,317.0,5.5,49.0,True,867.9,32.2,115.7,-57.8,True,0.0,,0.0,,0.0,,0.0,,0.0,,0.0,,0.0,0.0,True,,,,
,3,1,381.0,pet_600_soda,lift12,retreat_lift12,8,307.3,7.0,49.0,True,869.4,30.5,118.9,-59.5,True,0.0,,0.0,,0.0,,0.0,,0.0,,0.0,,0.0,0.0,True,,,,
,3,1,381.0,pet_600_soda,lift12,retreat_lift12,9,297.7,8.5,49.0,True,870.9,29.0,122.1,-61.0,True,0.0,,0.0,,0.0,,0.0,,0.0,,0.0,,0.0,0.0,True,,,,
,3,1,381.0,pet_600_soda,lift12,retreat_lift12,10,288.0,10.0,49.0,True,872.4,27.4,125.2,-62.6,True,0.0,,0.0,,0.0,,0.0,,0.0,,0.0,,0.0,0.0,True,,,,
,5,0,287.0,pet_500,flat,touch,0,364.4,-0.0,30.5,True,454.4,18.6,82.2,-10.8,True,0.0,,0.0,,0.0,,0.0,,0.0,hand_jaw_B_C,0.0,,0.0,0.0,True,,,,
,5,0,287.0,pet_500,flat,lipdrop,1,364.4,-2.0,30.5,True,452.4,18.6,82.2,-10.8,True,0.0,,0.0,,0.0,,0.0,,0.0,,0.0,,0.0,0.0,True,,,,
,5,0,287.0,pet_500,flat,open,2,364.4,-2.0,49.0,True,452.4,18.6,82.2,-10.8,True,0.0,,0.0,,0.0,,0.0,,0.0,,0.0,,0.0,0.0,True,,,,
,5,0,287.0,pet_500,flat,retreat_flat,3,354.8,-2.0,49.0,True,452.4,15.9,85.7,-11.6,True,0.0,,0.0,,0.0,,0.0,,0.0,,0.0,,0.0,0.0,True,,,,
,5,0,287.0,pet_500,flat,retreat_flat,4,345.3,-2.0,49.0,True,452.4,13.3,89.0,-12.3,True,0.0,,0.0,,0.0,,0.0,,0.0,,0.0,,0.0,0.0,True,,,,
,5,0,287.0,pet_500,flat,retreat_flat,5,335.8,-2.0,49.0,True,452.4,10.6,92.3,-12.9,True,0.0,,0.0,,0.0,,0.0,,0.0,,0.0,,0.0,0.0,True,,,,
,5,0,287.0,pet_500,flat,retreat_flat,6,326.2,-2.0,49.0,True,452.4,7.9,95.4,-13.3,True,0.0,,0.0,,0.0,,0.0,,0.0,,0.0,,0.0,0.0,True,,,,
,5,0,287.0,pet_500,flat,retreat_flat,7,316.6,-2.0,49.0,True,452.4,5.2,98.4,-13.6,True,0.0,,0.0,,0.0,,0.0,,0.0,,0.0,,0.0,0.0,True,,,,
,5,0,287.0,pet_500,flat,retreat_flat,8,307.1,-2.0,49.0,True,452.4,2.5,101.3,-13.8,True,0.0,,0.0,,0.0,,0.0,,0.0,,0.0,,0.0,0.0,True,,,,
,5,0,287.0,pet_500,flat,retreat_flat,9,297.6,-2.0,49.0,True,452.4,-0.2,104.1,-13.9,True,0.0,,0.0,,0.0,,0.0,,0.0,,0.0,,0.0,0.0,True,,,,
,5,0,287.0,pet_500,flat,retreat_flat,10,288.0,-2.0,49.0,True,452.4,-2.9,106.7,-13.8,True,0.0,,0.0,,0.0,,0.0,,0.0,,0.0,,0.0,0.0,True,,,,
,5,0,287.0,pet_500,lift12,touch,0,364.4,-0.0,30.5,True,454.4,18.6,82.2,-10.8,True,0.0,,0.0,,0.0,,0.0,,0.0,hand_jaw_B_C,0.0,,0.0,0.0,True,,,,
,5,0,287.0,pet_500,lift12,lipdrop,1,364.4,-2.0,30.5,True,452.4,18.6,82.2,-10.8,True,0.0,,0.0,,0.0,,0.0,,0.0,,0.0,,0.0,0.0,True,,,,
,5,0,287.0,pet_500,lift12,open,2,364.4,-2.0,49.0,True,452.4,18.6,82.2,-10.8,True,0.0,,0.0,,0.0,,0.0,,0.0,,0.0,,0.0,0.0,True,,,,
,5,0,287.0,pet_500,lift12,retreat_lift12,3,354.8,-0.5,49.0,True,453.9,15.9,85.7,-11.6,True,0.0,,0.0,,0.0,,0.0,,0.0,,0.0,,0.0,0.0,True,,,,
,5,0,287.0,pet_500,lift12,retreat_lift12,4,345.3,1.0,49.0,True,455.4,13.3,89.0,-12.3,True,0.0,,0.0,,0.0,,0.0,,0.0,,0.0,,0.0,0.0,True,,,,
,5,0,287.0,pet_500,lift12,retreat_lift12,5,335.8,2.5,49.0,True,456.9,10.6,92.3,-12.9,True,0.0,,0.0,,0.0,,0.0,,0.0,,0.0,,0.0,0.0,True,,,,
,5,0,287.0,pet_500,lift12,retreat_lift12,6,326.2,4.0,49.0,True,458.4,7.9,95.4,-13.3,True,0.0,,0.0,,0.0,,0.0,,0.0,,0.0,,0.0,0.0,True,,,,
,5,0,287.0,pet_500,lift12,retreat_lift12,7,316.6,5.5,49.0,True,459.9,5.2,98.4,-13.6,True,0.0,,0.0,,0.0,,0.0,,0.0,,0.0,,0.0,0.0,True,,,,
,5,0,287.0,pet_500,lift12,retreat_lift12,8,307.1,7.0,49.0,True,461.4,2.5,101.3,-13.8,True,0.0,,0.0,,0.0,,0.0,,0.0,,0.0,,0.0,0.0,True,,,,
,5,0,287.0,pet_500,lift12,retreat_lift12,9,297.6,8.5,49.0,True,462.9,-0.2,104.1,-13.9,True,0.0,,0.0,,0.0,,0.0,,0.0,,0.0,,0.0,0.0,True,,,,
,5,0,287.0,pet_500,lift12,retreat_lift12,10,288.0,10.0,49.0,True,464.4,-2.9,106.7,-13.8,True,0.0,,0.0,,0.0,,0.0,,0.0,,0.0,,0.0,0.0,True,,,,
,5,0,287.0,pet_600_soda,flat,touch,0,365.2,-0.0,30.5,True,481.4,18.9,81.8,-10.7,True,0.0,,0.0,,0.0,,0.0,,0.0,,0.0,,0.0,0.0,True,,,,
,5,0,287.0,pet_600_soda,flat,lipdrop,1,365.2,-2.0,30.5,True,479.4,18.9,81.8,-10.7,True,0.0,,0.0,,0.0,,0.0,,0.0,,0.0,,0.0,0.0,True,,,,
,5,0,287.0,pet_600_soda,flat,open,2,365.2,-2.0,49.0,True,479.4,18.9,81.8,-10.7,True,0.0,,0.0,,0.0,,0.0,,0.0,,0.0,,0.0,0.0,True,,,,
,5,0,287.0,pet_600_soda,flat,retreat_flat,3,355.6,-2.0,49.0,True,479.4,16.2,85.4,-11.6,True,0.0,,0.0,,0.0,,0.0,,0.0,,0.0,,0.0,0.0,True,,,,
,5,0,287.0,pet_600_soda,flat,retreat_flat,4,345.9,-2.0,49.0,True,479.4,13.4,88.8,-12.3,True,0.0,,0.0,,0.0,,0.0,,0.0,,0.0,,0.0,0.0,True,,,,
,5,0,287.0,pet_600_soda,flat,retreat_flat,5,336.3,-2.0,49.0,True,479.4,10.7,92.1,-12.9,True,0.0,,0.0,,0.0,,0.0,,0.0,,0.0,,0.0,0.0,True,,,,
,5,0,287.0,pet_600_soda,flat,retreat_flat,6,326.6,-2.0,49.0,True,479.4,8.0,95.3,-13.3,True,0.0,,0.0,,0.0,,0.0,,0.0,,0.0,,0.0,0.0,True,,,,
,5,0,287.0,pet_600_soda,flat,retreat_flat,7,317.0,-2.0,49.0,True,479.4,5.3,98.3,-13.6,True,0.0,,0.0,,0.0,,0.0,,0.0,,0.0,,0.0,0.0,True,,,,
,5,0,287.0,pet_600_soda,flat,retreat_flat,8,307.3,-2.0,49.0,True,479.4,2.6,101.2,-13.8,True,0.0,,0.0,,0.0,,0.0,,0.0,,0.0,,0.0,0.0,True,,,,
,5,0,287.0,pet_600_soda,flat,retreat_flat,9,297.7,-2.0,49.0,True,479.4,-0.1,104.0,-13.9,True,0.0,,0.0,,0.0,,0.0,,0.0,,0.0,,0.0,0.0,True,,,,
,5,0,287.0,pet_600_soda,flat,retreat_flat,10,288.0,-2.0,49.0,True,479.4,-2.9,106.7,-13.8,True,0.0,,0.0,,0.0,,0.0,,0.0,,0.0,,0.0,0.0,True,,,,
,5,0,287.0,pet_600_soda,lift12,touch,0,365.2,-0.0,30.5,True,481.4,18.9,81.8,-10.7,True,0.0,,0.0,,0.0,,0.0,,0.0,,0.0,,0.0,0.0,True,,,,
,5,0,287.0,pet_600_soda,lift12,lipdrop,1,365.2,-2.0,30.5,True,479.4,18.9,81.8,-10.7,True,0.0,,0.0,,0.0,,0.0,,0.0,,0.0,,0.0,0.0,True,,,,
,5,0,287.0,pet_600_soda,lift12,open,2,365.2,-2.0,49.0,True,479.4,18.9,81.8,-10.7,True,0.0,,0.0,,0.0,,0.0,,0.0,,0.0,,0.0,0.0,True,,,,
,5,0,287.0,pet_600_soda,lift12,retreat_lift12,3,355.6,-0.5,49.0,True,480.9,16.2,85.4,-11.6,True,0.0,,0.0,,0.0,,0.0,,0.0,,0.0,,0.0,0.0,True,,,,
,5,0,287.0,pet_600_soda,lift12,retreat_lift12,4,345.9,1.0,49.0,True,482.4,13.4,88.8,-12.3,True,0.0,,0.0,,0.0,,0.0,,0.0,,0.0,,0.0,0.0,True,,,,
,5,0,287.0,pet_600_soda,lift12,retreat_lift12,5,336.3,2.5,49.0,True,483.9,10.7,92.1,-12.9,True,0.0,,0.0,,0.0,,0.0,,0.0,,0.0,,0.0,0.0,True,,,,
,5,0,287.0,pet_600_soda,lift12,retreat_lift12,6,326.6,4.0,49.0,True,485.4,8.0,95.3,-13.3,True,0.0,,0.0,,0.0,,0.0,,0.0,,0.0,,0.0,0.0,True,,,,
,5,0,287.0,pet_600_soda,lift12,retreat_lift12,7,317.0,5.5,49.0,True,486.9,5.3,98.3,-13.6,True,0.0,,0.0,,0.0,,0.0,,0.0,,0.0,,0.0,0.0,True,,,,
,5,0,287.0,pet_600_soda,lift12,retreat_lift12,8,307.3,7.0,49.0,True,488.4,2.6,101.2,-13.8,True,0.0,,0.0,,0.0,,0.0,,0.0,,0.0,,0.0,0.0,True,,,,
,5,0,287.0,pet_600_soda,lift12,retreat_lift12,9,297.7,8.5,49.0,True,489.9,-0.1,104.0,-13.9,True,0.0,,0.0,,0.0,,0.0,,0.0,,0.0,,0.0,0.0,True,,,,
,5,0,287.0,pet_600_soda,lift12,retreat_lift12,10,288.0,10.0,49.0,True,491.4,-2.9,106.7,-13.8,True,0.0,,0.0,,0.0,,0.0,,0.0,,0.0,,0.0,0.0,True,,,,
,5,0,318.0,pet_500,flat,touch,0,364.4,-0.0,30.5,True,454.4,18.6,82.2,-10.8,True,0.0,,0.0,,0.0,,0.0,,0.0,hand_jaw_B_C,0.0,,0.0,0.0,True,,,,
,5,0,318.0,pet_500,flat,lipdrop,1,364.4,-2.0,30.5,True,452.4,18.6,82.2,-10.8,True,0.0,,0.0,,0.0,,0.0,,0.0,,0.0,,0.0,0.0,True,,,,
,5,0,318.0,pet_500,flat,open,2,364.4,-2.0,49.0,True,452.4,18.6,82.2,-10.8,True,0.0,,0.0,,0.0,,0.0,,0.0,,0.0,,0.0,0.0,True,,,,
,5,0,318.0,pet_500,flat,retreat_flat,3,354.8,-2.0,49.0,True,452.4,15.9,85.7,-11.6,True,0.0,,0.0,,0.0,,0.0,,0.0,,0.0,,0.0,0.0,True,,,,
,5,0,318.0,pet_500,flat,retreat_flat,4,345.3,-2.0,49.0,True,452.4,13.3,89.0,-12.3,True,0.0,,0.0,,0.0,,0.0,,0.0,,0.0,,0.0,0.0,True,,,,
,5,0,318.0,pet_500,flat,retreat_flat,5,335.8,-2.0,49.0,True,452.4,10.6,92.3,-12.9,True,0.0,,0.0,,0.0,,0.0,,0.0,,0.0,,0.0,0.0,True,,,,
,5,0,318.0,pet_500,flat,retreat_flat,6,326.2,-2.0,49.0,True,452.4,7.9,95.4,-13.3,True,0.0,,0.0,,0.0,,0.0,,0.0,,0.0,,0.0,0.0,True,,,,
,5,0,318.0,pet_500,flat,retreat_flat,7,316.6,-2.0,49.0,True,452.4,5.2,98.4,-13.6,True,0.0,,0.0,,0.0,,0.0,,0.0,,0.0,,0.0,0.0,True,,,,
,5,0,318.0,pet_500,flat,retreat_flat,8,307.1,-2.0,49.0,True,452.4,2.5,101.3,-13.8,True,0.0,,0.0,,0.0,,0.0,,0.0,,0.0,,0.0,0.0,True,,,,
,5,0,318.0,pet_500,flat,retreat_flat,9,297.6,-2.0,49.0,True,452.4,-0.2,104.1,-13.9,True,0.0,,0.0,,0.0,,0.0,,0.0,,0.0,,0.0,0.0,True,,,,
,5,0,318.0,pet_500,flat,retreat_flat,10,288.0,-2.0,49.0,True,452.4,-2.9,106.7,-13.8,True,0.0,,0.0,,0.0,,0.0,,0.0,,0.0,,0.0,0.0,True,,,,
,5,0,318.0,pet_500,lift12,touch,0,364.4,-0.0,30.5,True,454.4,18.6,82.2,-10.8,True,0.0,,0.0,,0.0,,0.0,,0.0,hand_jaw_B_C,0.0,,0.0,0.0,True,,,,
,5,0,318.0,pet_500,lift12,lipdrop,1,364.4,-2.0,30.5,True,452.4,18.6,82.2,-10.8,True,0.0,,0.0,,0.0,,0.0,,0.0,,0.0,,0.0,0.0,True,,,,
,5,0,318.0,pet_500,lift12,open,2,364.4,-2.0,49.0,True,452.4,18.6,82.2,-10.8,True,0.0,,0.0,,0.0,,0.0,,0.0,,0.0,,0.0,0.0,True,,,,
,5,0,318.0,pet_500,lift12,retreat_lift12,3,354.8,-0.5,49.0,True,453.9,15.9,85.7,-11.6,True,0.0,,0.0,,0.0,,0.0,,0.0,,0.0,,0.0,0.0,True,,,,
,5,0,318.0,pet_500,lift12,retreat_lift12,4,345.3,1.0,49.0,True,455.4,13.3,89.0,-12.3,True,0.0,,0.0,,0.0,,0.0,,0.0,,0.0,,0.0,0.0,True,,,,
,5,0,318.0,pet_500,lift12,retreat_lift12,5,335.8,2.5,49.0,True,456.9,10.6,92.3,-12.9,True,0.0,,0.0,,0.0,,0.0,,0.0,,0.0,,0.0,0.0,True,,,,
,5,0,318.0,pet_500,lift12,retreat_lift12,6,326.2,4.0,49.0,True,458.4,7.9,95.4,-13.3,True,0.0,,0.0,,0.0,,0.0,,0.0,,0.0,,0.0,0.0,True,,,,
,5,0,318.0,pet_500,lift12,retreat_lift12,7,316.6,5.5,49.0,True,459.9,5.2,98.4,-13.6,True,0.0,,0.0,,0.0,,0.0,,0.0,,0.0,,0.0,0.0,True,,,,
,5,0,318.0,pet_500,lift12,retreat_lift12,8,307.1,7.0,49.0,True,461.4,2.5,101.3,-13.8,True,0.0,,0.0,,0.0,,0.0,,0.0,,0.0,,0.0,0.0,True,,,,
,5,0,318.0,pet_500,lift12,retreat_lift12,9,297.6,8.5,49.0,True,462.9,-0.2,104.1,-13.9,True,0.0,,0.0,,0.0,,0.0,,0.0,,0.0,,0.0,0.0,True,,,,
,5,0,318.0,pet_500,lift12,retreat_lift12,10,288.0,10.0,49.0,True,464.4,-2.9,106.7,-13.8,True,0.0,,0.0,,0.0,,0.0,,0.0,,0.0,,0.0,0.0,True,,,,
,5,0,318.0,pet_600_soda,flat,touch,0,365.2,-0.0,30.5,True,481.4,18.9,81.8,-10.7,True,0.0,,0.0,,0.0,,0.0,,0.0,,0.0,,0.0,0.0,True,,,,
,5,0,318.0,pet_600_soda,flat,lipdrop,1,365.2,-2.0,30.5,True,479.4,18.9,81.8,-10.7,True,0.0,,0.0,,0.0,,0.0,,0.0,,0.0,,0.0,0.0,True,,,,
,5,0,318.0,pet_600_soda,flat,open,2,365.2,-2.0,49.0,True,479.4,18.9,81.8,-10.7,True,0.0,,0.0,,0.0,,0.0,,0.0,,0.0,,0.0,0.0,True,,,,
,5,0,318.0,pet_600_soda,flat,retreat_flat,3,355.6,-2.0,49.0,True,479.4,16.2,85.4,-11.6,True,0.0,,0.0,,0.0,,0.0,,0.0,,0.0,,0.0,0.0,True,,,,
,5,0,318.0,pet_600_soda,flat,retreat_flat,4,345.9,-2.0,49.0,True,479.4,13.4,88.8,-12.3,True,0.0,,0.0,,0.0,,0.0,,0.0,,0.0,,0.0,0.0,True,,,,
,5,0,318.0,pet_600_soda,flat,retreat_flat,5,336.3,-2.0,49.0,True,479.4,10.7,92.1,-12.9,True,0.0,,0.0,,0.0,,0.0,,0.0,,0.0,,0.0,0.0,True,,,,
,5,0,318.0,pet_600_soda,flat,retreat_flat,6,326.6,-2.0,49.0,True,479.4,8.0,95.3,-13.3,True,0.0,,0.0,,0.0,,0.0,,0.0,,0.0,,0.0,0.0,True,,,,
,5,0,318.0,pet_600_soda,flat,retreat_flat,7,317.0,-2.0,49.0,True,479.4,5.3,98.3,-13.6,True,0.0,,0.0,,0.0,,0.0,,0.0,,0.0,,0.0,0.0,True,,,,
,5,0,318.0,pet_600_soda,flat,retreat_flat,8,307.3,-2.0,49.0,True,479.4,2.6,101.2,-13.8,True,0.0,,0.0,,0.0,,0.0,,0.0,,0.0,,0.0,0.0,True,,,,
,5,0,318.0,pet_600_soda,flat,retreat_flat,9,297.7,-2.0,49.0,True,479.4,-0.1,104.0,-13.9,True,0.0,,0.0,,0.0,,0.0,,0.0,,0.0,,0.0,0.0,True,,,,
,5,0,318.0,pet_600_soda,flat,retreat_flat,10,288.0,-2.0,49.0,True,479.4,-2.9,106.7,-13.8,True,0.0,,0.0,,0.0,,0.0,,0.0,,0.0,,0.0,0.0,True,,,,
,5,0,318.0,pet_600_soda,lift12,touch,0,365.2,-0.0,30.5,True,481.4,18.9,81.8,-10.7,True,0.0,,0.0,,0.0,,0.0,,0.0,,0.0,,0.0,0.0,True,,,,
,5,0,318.0,pet_600_soda,lift12,lipdrop,1,365.2,-2.0,30.5,True,479.4,18.9,81.8,-10.7,True,0.0,,0.0,,0.0,,0.0,,0.0,,0.0,,0.0,0.0,True,,,,
,5,0,318.0,pet_600_soda,lift12,open,2,365.2,-2.0,49.0,True,479.4,18.9,81.8,-10.7,True,0.0,,0.0,,0.0,,0.0,,0.0,,0.0,,0.0,0.0,True,,,,
,5,0,318.0,pet_600_soda,lift12,retreat_lift12,3,355.6,-0.5,49.0,True,480.9,16.2,85.4,-11.6,True,0.0,,0.0,,0.0,,0.0,,0.0,,0.0,,0.0,0.0,True,,,,
,5,0,318.0,pet_600_soda,lift12,retreat_lift12,4,345.9,1.0,49.0,True,482.4,13.4,88.8,-12.3,True,0.0,,0.0,,0.0,,0.0,,0.0,,0.0,,0.0,0.0,True,,,,
,5,0,318.0,pet_600_soda,lift12,retreat_lift12,5,336.3,2.5,49.0,True,483.9,10.7,92.1,-12.9,True,0.0,,0.0,,0.0,,0.0,,0.0,,0.0,,0.0,0.0,True,,,,
,5,0,318.0,pet_600_soda,lift12,retreat_lift12,6,326.6,4.0,49.0,True,485.4,8.0,95.3,-13.3,True,0.0,,0.0,,0.0,,0.0,,0.0,,0.0,,0.0,0.0,True,,,,
,5,0,318.0,pet_600_soda,lift12,retreat_lift12,7,317.0,5.5,49.0,True,486.9,5.3,98.3,-13.6,True,0.0,,0.0,,0.0,,0.0,,0.0,,0.0,,0.0,0.0,True,,,,
,5,0,318.0,pet_600_soda,lift12,retreat_lift12,8,307.3,7.0,49.0,True,488.4,2.6,101.2,-13.8,True,0.0,,0.0,,0.0,,0.0,,0.0,,0.0,,0.0,0.0,True,,,,
,5,0,318.0,pet_600_soda,lift12,retreat_lift12,9,297.7,8.5,49.0,True,489.9,-0.1,104.0,-13.9,True,0.0,,0.0,,0.0,,0.0,,0.0,,0.0,,0.0,0.0,True,,,,
,5,0,318.0,pet_600_soda,lift12,retreat_lift12,10,288.0,10.0,49.0,True,491.4,-2.9,106.7,-13.8,True,0.0,,0.0,,0.0,,0.0,,0.0,,0.0,,0.0,0.0,True,,,,
,5,0,381.0,pet_500,flat,touch,0,364.4,-0.0,30.5,True,454.4,18.6,82.2,-10.8,True,0.0,,0.0,,0.0,,0.0,,0.0,hand_jaw_B_C,0.0,,0.0,0.0,True,,,,
,5,0,381.0,pet_500,flat,lipdrop,1,364.4,-2.0,30.5,True,452.4,18.6,82.2,-10.8,True,0.0,,0.0,,0.0,,0.0,,0.0,,0.0,,0.0,0.0,True,,,,
,5,0,381.0,pet_500,flat,open,2,364.4,-2.0,49.0,True,452.4,18.6,82.2,-10.8,True,0.0,,0.0,,0.0,,0.0,,0.0,,0.0,,0.0,0.0,True,,,,
,5,0,381.0,pet_500,flat,retreat_flat,3,354.8,-2.0,49.0,True,452.4,15.9,85.7,-11.6,True,0.0,,0.0,,0.0,,0.0,,0.0,,0.0,,0.0,0.0,True,,,,
,5,0,381.0,pet_500,flat,retreat_flat,4,345.3,-2.0,49.0,True,452.4,13.3,89.0,-12.3,True,0.0,,0.0,,0.0,,0.0,,0.0,,0.0,,0.0,0.0,True,,,,
,5,0,381.0,pet_500,flat,retreat_flat,5,335.8,-2.0,49.0,True,452.4,10.6,92.3,-12.9,True,0.0,,0.0,,0.0,,0.0,,0.0,,0.0,,0.0,0.0,True,,,,
,5,0,381.0,pet_500,flat,retreat_flat,6,326.2,-2.0,49.0,True,452.4,7.9,95.4,-13.3,True,0.0,,0.0,,0.0,,0.0,,0.0,,0.0,,0.0,0.0,True,,,,
,5,0,381.0,pet_500,flat,retreat_flat,7,316.6,-2.0,49.0,True,452.4,5.2,98.4,-13.6,True,0.0,,0.0,,0.0,,0.0,,0.0,,0.0,,0.0,0.0,True,,,,
,5,0,381.0,pet_500,flat,retreat_flat,8,307.1,-2.0,49.0,True,452.4,2.5,101.3,-13.8,True,0.0,,0.0,,0.0,,0.0,,0.0,,0.0,,0.0,0.0,True,,,,
,5,0,381.0,pet_500,flat,retreat_flat,9,297.6,-2.0,49.0,True,452.4,-0.2,104.1,-13.9,True,0.0,,0.0,,0.0,,0.0,,0.0,,0.0,,0.0,0.0,True,,,,
,5,0,381.0,pet_500,flat,retreat_flat,10,288.0,-2.0,49.0,True,452.4,-2.9,106.7,-13.8,True,0.0,,0.0,,0.0,,0.0,,0.0,,0.0,,0.0,0.0,True,,,,
,5,0,381.0,pet_500,lift12,touch,0,364.4,-0.0,30.5,True,454.4,18.6,82.2,-10.8,True,0.0,,0.0,,0.0,,0.0,,0.0,hand_jaw_B_C,0.0,,0.0,0.0,True,,,,
,5,0,381.0,pet_500,lift12,lipdrop,1,364.4,-2.0,30.5,True,452.4,18.6,82.2,-10.8,True,0.0,,0.0,,0.0,,0.0,,0.0,,0.0,,0.0,0.0,True,,,,
,5,0,381.0,pet_500,lift12,open,2,364.4,-2.0,49.0,True,452.4,18.6,82.2,-10.8,True,0.0,,0.0,,0.0,,0.0,,0.0,,0.0,,0.0,0.0,True,,,,
,5,0,381.0,pet_500,lift12,retreat_lift12,3,354.8,-0.5,49.0,True,453.9,15.9,85.7,-11.6,True,0.0,,0.0,,0.0,,0.0,,0.0,,0.0,,0.0,0.0,True,,,,
,5,0,381.0,pet_500,lift12,retreat_lift12,4,345.3,1.0,49.0,True,455.4,13.3,89.0,-12.3,True,0.0,,0.0,,0.0,,0.0,,0.0,,0.0,,0.0,0.0,True,,,,
,5,0,381.0,pet_500,lift12,retreat_lift12,5,335.8,2.5,49.0,True,456.9,10.6,92.3,-12.9,True,0.0,,0.0,,0.0,,0.0,,0.0,,0.0,,0.0,0.0,True,,,,
,5,0,381.0,pet_500,lift12,retreat_lift12,6,326.2,4.0,49.0,True,458.4,7.9,95.4,-13.3,True,0.0,,0.0,,0.0,,0.0,,0.0,,0.0,,0.0,0.0,True,,,,
,5,0,381.0,pet_500,lift12,retreat_lift12,7,316.6,5.5,49.0,True,459.9,5.2,98.4,-13.6,True,0.0,,0.0,,0.0,,0.0,,0.0,,0.0,,0.0,0.0,True,,,,
,5,0,381.0,pet_500,lift12,retreat_lift12,8,307.1,7.0,49.0,True,461.4,2.5,101.3,-13.8,True,0.0,,0.0,,0.0,,0.0,,0.0,,0.0,,0.0,0.0,True,,,,
,5,0,381.0,pet_500,lift12,retreat_lift12,9,297.6,8.5,49.0,True,462.9,-0.2,104.1,-13.9,True,0.0,,0.0,,0.0,,0.0,,0.0,,0.0,,0.0,0.0,True,,,,
,5,0,381.0,pet_500,lift12,retreat_lift12,10,288.0,10.0,49.0,True,464.4,-2.9,106.7,-13.8,True,0.0,,0.0,,0.0,,0.0,,0.0,,0.0,,0.0,0.0,True,,,,
,5,0,381.0,pet_600_soda,flat,touch,0,365.2,-0.0,30.5,True,481.4,18.9,81.8,-10.7,True,0.0,,0.0,,0.0,,0.0,,0.0,,0.0,,0.0,0.0,True,,,,
,5,0,381.0,pet_600_soda,flat,lipdrop,1,365.2,-2.0,30.5,True,479.4,18.9,81.8,-10.7,True,0.0,,0.0,,0.0,,0.0,,0.0,,0.0,,0.0,0.0,True,,,,
,5,0,381.0,pet_600_soda,flat,open,2,365.2,-2.0,49.0,True,479.4,18.9,81.8,-10.7,True,0.0,,0.0,,0.0,,0.0,,0.0,,0.0,,0.0,0.0,True,,,,
,5,0,381.0,pet_600_soda,flat,retreat_flat,3,355.6,-2.0,49.0,True,479.4,16.2,85.4,-11.6,True,0.0,,0.0,,0.0,,0.0,,0.0,,0.0,,0.0,0.0,True,,,,
,5,0,381.0,pet_600_soda,flat,retreat_flat,4,345.9,-2.0,49.0,True,479.4,13.4,88.8,-12.3,True,0.0,,0.0,,0.0,,0.0,,0.0,,0.0,,0.0,0.0,True,,,,
,5,0,381.0,pet_600_soda,flat,retreat_flat,5,336.3,-2.0,49.0,True,479.4,10.7,92.1,-12.9,True,0.0,,0.0,,0.0,,0.0,,0.0,,0.0,,0.0,0.0,True,,,,
,5,0,381.0,pet_600_soda,flat,retreat_flat,6,326.6,-2.0,49.0,True,479.4,8.0,95.3,-13.3,True,0.0,,0.0,,0.0,,0.0,,0.0,,0.0,,0.0,0.0,True,,,,
,5,0,381.0,pet_600_soda,flat,retreat_flat,7,317.0,-2.0,49.0,True,479.4,5.3,98.3,-13.6,True,0.0,,0.0,,0.0,,0.0,,0.0,,0.0,,0.0,0.0,True,,,,
,5,0,381.0,pet_600_soda,flat,retreat_flat,8,307.3,-2.0,49.0,True,479.4,2.6,101.2,-13.8,True,0.0,,0.0,,0.0,,0.0,,0.0,,0.0,,0.0,0.0,True,,,,
,5,0,381.0,pet_600_soda,flat,retreat_flat,9,297.7,-2.0,49.0,True,479.4,-0.1,104.0,-13.9,True,0.0,,0.0,,0.0,,0.0,,0.0,,0.0,,0.0,0.0,True,,,,
,5,0,381.0,pet_600_soda,flat,retreat_flat,10,288.0,-2.0,49.0,True,479.4,-2.9,106.7,-13.8,True,0.0,,0.0,,0.0,,0.0,,0.0,,0.0,,0.0,0.0,True,,,,
,5,0,381.0,pet_600_soda,lift12,touch,0,365.2,-0.0,30.5,True,481.4,18.9,81.8,-10.7,True,0.0,,0.0,,0.0,,0.0,,0.0,,0.0,,0.0,0.0,True,,,,
,5,0,381.0,pet_600_soda,lift12,lipdrop,1,365.2,-2.0,30.5,True,479.4,18.9,81.8,-10.7,True,0.0,,0.0,,0.0,,0.0,,0.0,,0.0,,0.0,0.0,True,,,,
,5,0,381.0,pet_600_soda,lift12,open,2,365.2,-2.0,49.0,True,479.4,18.9,81.8,-10.7,True,0.0,,0.0,,0.0,,0.0,,0.0,,0.0,,0.0,0.0,True,,,,
,5,0,381.0,pet_600_soda,lift12,retreat_lift12,3,355.6,-0.5,49.0,True,480.9,16.2,85.4,-11.6,True,0.0,,0.0,,0.0,,0.0,,0.0,,0.0,,0.0,0.0,True,,,,
,5,0,381.0,pet_600_soda,lift12,retreat_lift12,4,345.9,1.0,49.0,True,482.4,13.4,88.8,-12.3,True,0.0,,0.0,,0.0,,0.0,,0.0,,0.0,,0.0,0.0,True,,,,
,5,0,381.0,pet_600_soda,lift12,retreat_lift12,5,336.3,2.5,49.0,True,483.9,10.7,92.1,-12.9,True,0.0,,0.0,,0.0,,0.0,,0.0,,0.0,,0.0,0.0,True,,,,
,5,0,381.0,pet_600_soda,lift12,retreat_lift12,6,326.6,4.0,49.0,True,485.4,8.0,95.3,-13.3,True,0.0,,0.0,,0.0,,0.0,,0.0,,0.0,,0.0,0.0,True,,,,
,5,0,381.0,pet_600_soda,lift12,retreat_lift12,7,317.0,5.5,49.0,True,486.9,5.3,98.3,-13.6,True,0.0,,0.0,,0.0,,0.0,,0.0,,0.0,,0.0,0.0,True,,,,
,5,0,381.0,pet_600_soda,lift12,retreat_lift12,8,307.3,7.0,49.0,True,488.4,2.6,101.2,-13.8,True,0.0,,0.0,,0.0,,0.0,,0.0,,0.0,,0.0,0.0,True,,,,
,5,0,381.0,pet_600_soda,lift12,retreat_lift12,9,297.7,8.5,49.0,True,489.9,-0.1,104.0,-13.9,True,0.0,,0.0,,0.0,,0.0,,0.0,,0.0,,0.0,0.0,True,,,,
,5,0,381.0,pet_600_soda,lift12,retreat_lift12,10,288.0,10.0,49.0,True,491.4,-2.9,106.7,-13.8,True,0.0,,0.0,,0.0,,0.0,,0.0,,0.0,,0.0,0.0,True,,,,
,5,1,287.0,pet_500,flat,touch,0,364.4,-0.0,30.5,True,741.4,18.6,82.2,-10.8,True,0.0,,0.0,,0.0,,0.0,,0.0,hand_jaw_B_C,0.0,,0.0,0.0,True,,,,
,5,1,287.0,pet_500,flat,lipdrop,1,364.4,-2.0,30.5,True,739.4,18.6,82.2,-10.8,True,0.0,,0.0,,0.0,,0.0,,0.0,,0.0,,0.0,0.0,True,,,,
,5,1,287.0,pet_500,flat,open,2,364.4,-2.0,49.0,True,739.4,18.6,82.2,-10.8,True,0.0,,0.0,,0.0,,0.0,,0.0,,0.0,,0.0,0.0,True,,,,
,5,1,287.0,pet_500,flat,retreat_flat,3,354.8,-2.0,49.0,True,739.4,15.9,85.7,-11.6,True,0.0,,0.0,,0.0,,0.0,,0.0,,0.0,,0.0,0.0,True,,,,
,5,1,287.0,pet_500,flat,retreat_flat,4,345.3,-2.0,49.0,True,739.4,13.3,89.0,-12.3,True,0.0,,0.0,,0.0,,0.0,,0.0,,0.0,,0.0,0.0,True,,,,
,5,1,287.0,pet_500,flat,retreat_flat,5,335.8,-2.0,49.0,True,739.4,10.6,92.3,-12.9,True,0.0,,0.0,,0.0,,0.0,,0.0,,0.0,,0.0,0.0,True,,,,
,5,1,287.0,pet_500,flat,retreat_flat,6,326.2,-2.0,49.0,True,739.4,7.9,95.4,-13.3,True,0.0,,0.0,,0.0,,0.0,,0.0,,0.0,,0.0,0.0,True,,,,
,5,1,287.0,pet_500,flat,retreat_flat,7,316.6,-2.0,49.0,True,739.4,5.2,98.4,-13.6,True,0.0,,0.0,,0.0,,0.0,,0.0,,0.0,,0.0,0.0,True,,,,
,5,1,287.0,pet_500,flat,retreat_flat,8,307.1,-2.0,49.0,True,739.4,2.5,101.3,-13.8,True,0.0,,0.0,,0.0,,0.0,,0.0,,0.0,,0.0,0.0,True,,,,
,5,1,287.0,pet_500,flat,retreat_flat,9,297.6,-2.0,49.0,True,739.4,-0.2,104.1,-13.9,True,0.0,,0.0,,0.0,,0.0,,0.0,,0.0,,0.0,0.0,True,,,,
,5,1,287.0,pet_500,flat,retreat_flat,10,288.0,-2.0,49.0,True,739.4,-2.9,106.7,-13.8,True,0.0,,0.0,,0.0,,0.0,,0.0,,0.0,,0.0,0.0,True,,,,
,5,1,287.0,pet_500,lift12,touch,0,364.4,-0.0,30.5,True,741.4,18.6,82.2,-10.8,True,0.0,,0.0,,0.0,,0.0,,0.0,hand_jaw_B_C,0.0,,0.0,0.0,True,,,,
,5,1,287.0,pet_500,lift12,lipdrop,1,364.4,-2.0,30.5,True,739.4,18.6,82.2,-10.8,True,0.0,,0.0,,0.0,,0.0,,0.0,,0.0,,0.0,0.0,True,,,,
,5,1,287.0,pet_500,lift12,open,2,364.4,-2.0,49.0,True,739.4,18.6,82.2,-10.8,True,0.0,,0.0,,0.0,,0.0,,0.0,,0.0,,0.0,0.0,True,,,,
,5,1,287.0,pet_500,lift12,retreat_lift12,3,354.8,-0.5,49.0,True,740.9,15.9,85.7,-11.6,True,0.0,,0.0,,0.0,,0.0,,0.0,,0.0,,0.0,0.0,True,,,,
,5,1,287.0,pet_500,lift12,retreat_lift12,4,345.3,1.0,49.0,True,742.4,13.3,89.0,-12.3,True,0.0,,0.0,,0.0,,0.0,,0.0,,0.0,,0.0,0.0,True,,,,
,5,1,287.0,pet_500,lift12,retreat_lift12,5,335.8,2.5,49.0,True,743.9,10.6,92.3,-12.9,True,0.0,,0.0,,0.0,,0.0,,0.0,,0.0,,0.0,0.0,True,,,,
,5,1,287.0,pet_500,lift12,retreat_lift12,6,326.2,4.0,49.0,True,745.4,7.9,95.4,-13.3,True,0.0,,0.0,,0.0,,0.0,,0.0,,0.0,,0.0,0.0,True,,,,
,5,1,287.0,pet_500,lift12,retreat_lift12,7,316.6,5.5,49.0,True,746.9,5.2,98.4,-13.6,True,0.0,,0.0,,0.0,,0.0,,0.0,,0.0,,0.0,0.0,True,,,,
,5,1,287.0,pet_500,lift12,retreat_lift12,8,307.1,7.0,49.0,True,748.4,2.5,101.3,-13.8,True,0.0,,0.0,,0.0,,0.0,,0.0,,0.0,,0.0,0.0,True,,,,
,5,1,287.0,pet_500,lift12,retreat_lift12,9,297.6,8.5,49.0,True,749.9,-0.2,104.1,-13.9,True,0.0,,0.0,,0.0,,0.0,,0.0,,0.0,,0.0,0.0,True,,,,
,5,1,287.0,pet_500,lift12,retreat_lift12,10,288.0,10.0,49.0,True,751.4,-2.9,106.7,-13.8,True,0.0,,0.0,,0.0,,0.0,,0.0,,0.0,,0.0,0.0,True,,,,
,5,1,287.0,pet_600_soda,flat,touch,0,365.2,-0.0,30.5,True,768.4,18.9,81.8,-10.7,True,0.0,,0.0,,0.0,,0.0,,0.0,,0.0,,0.0,0.0,True,,,,
,5,1,287.0,pet_600_soda,flat,lipdrop,1,365.2,-2.0,30.5,True,766.4,18.9,81.8,-10.7,True,0.0,,0.0,,0.0,,0.0,,0.0,,0.0,,0.0,0.0,True,,,,
,5,1,287.0,pet_600_soda,flat,open,2,365.2,-2.0,49.0,True,766.4,18.9,81.8,-10.7,True,0.0,,0.0,,0.0,,0.0,,0.0,,0.0,,0.0,0.0,True,,,,
,5,1,287.0,pet_600_soda,flat,retreat_flat,3,355.6,-2.0,49.0,True,766.4,16.2,85.4,-11.6,True,0.0,,0.0,,0.0,,0.0,,0.0,,0.0,,0.0,0.0,True,,,,
,5,1,287.0,pet_600_soda,flat,retreat_flat,4,345.9,-2.0,49.0,True,766.4,13.4,88.8,-12.3,True,0.0,,0.0,,0.0,,0.0,,0.0,,0.0,,0.0,0.0,True,,,,
,5,1,287.0,pet_600_soda,flat,retreat_flat,5,336.3,-2.0,49.0,True,766.4,10.7,92.1,-12.9,True,0.0,,0.0,,0.0,,0.0,,0.0,,0.0,,0.0,0.0,True,,,,
,5,1,287.0,pet_600_soda,flat,retreat_flat,6,326.6,-2.0,49.0,True,766.4,8.0,95.3,-13.3,True,0.0,,0.0,,0.0,,0.0,,0.0,,0.0,,0.0,0.0,True,,,,
,5,1,287.0,pet_600_soda,flat,retreat_flat,7,317.0,-2.0,49.0,True,766.4,5.3,98.3,-13.6,True,0.0,,0.0,,0.0,,0.0,,0.0,,0.0,,0.0,0.0,True,,,,
,5,1,287.0,pet_600_soda,flat,retreat_flat,8,307.3,-2.0,49.0,True,766.4,2.6,101.2,-13.8,True,0.0,,0.0,,0.0,,0.0,,0.0,,0.0,,0.0,0.0,True,,,,
,5,1,287.0,pet_600_soda,flat,retreat_flat,9,297.7,-2.0,49.0,True,766.4,-0.1,104.0,-13.9,True,0.0,,0.0,,0.0,,0.0,,0.0,,0.0,,0.0,0.0,True,,,,
,5,1,287.0,pet_600_soda,flat,retreat_flat,10,288.0,-2.0,49.0,True,766.4,-2.9,106.7,-13.8,True,0.0,,0.0,,0.0,,0.0,,0.0,,0.0,,0.0,0.0,True,,,,
,5,1,287.0,pet_600_soda,lift12,touch,0,365.2,-0.0,30.5,True,768.4,18.9,81.8,-10.7,True,0.0,,0.0,,0.0,,0.0,,0.0,,0.0,,0.0,0.0,True,,,,
,5,1,287.0,pet_600_soda,lift12,lipdrop,1,365.2,-2.0,30.5,True,766.4,18.9,81.8,-10.7,True,0.0,,0.0,,0.0,,0.0,,0.0,,0.0,,0.0,0.0,True,,,,
,5,1,287.0,pet_600_soda,lift12,open,2,365.2,-2.0,49.0,True,766.4,18.9,81.8,-10.7,True,0.0,,0.0,,0.0,,0.0,,0.0,,0.0,,0.0,0.0,True,,,,
,5,1,287.0,pet_600_soda,lift12,retreat_lift12,3,355.6,-0.5,49.0,True,767.9,16.2,85.4,-11.6,True,0.0,,0.0,,0.0,,0.0,,0.0,,0.0,,0.0,0.0,True,,,,
,5,1,287.0,pet_600_soda,lift12,retreat_lift12,4,345.9,1.0,49.0,True,769.4,13.4,88.8,-12.3,True,0.0,,0.0,,0.0,,0.0,,0.0,,0.0,,0.0,0.0,True,,,,
,5,1,287.0,pet_600_soda,lift12,retreat_lift12,5,336.3,2.5,49.0,True,770.9,10.7,92.1,-12.9,True,0.0,,0.0,,0.0,,0.0,,0.0,,0.0,,0.0,0.0,True,,,,
,5,1,287.0,pet_600_soda,lift12,retreat_lift12,6,326.6,4.0,49.0,True,772.4,8.0,95.3,-13.3,True,0.0,,0.0,,0.0,,0.0,,0.0,,0.0,,0.0,0.0,True,,,,
,5,1,287.0,pet_600_soda,lift12,retreat_lift12,7,317.0,5.5,49.0,True,773.9,5.3,98.3,-13.6,True,0.0,,0.0,,0.0,,0.0,,0.0,,0.0,,0.0,0.0,True,,,,
,5,1,287.0,pet_600_soda,lift12,retreat_lift12,8,307.3,7.0,49.0,True,775.4,2.6,101.2,-13.8,True,0.0,,0.0,,0.0,,0.0,,0.0,,0.0,,0.0,0.0,True,,,,
,5,1,287.0,pet_600_soda,lift12,retreat_lift12,9,297.7,8.5,49.0,True,776.9,-0.1,104.0,-13.9,True,0.0,,0.0,,0.0,,0.0,,0.0,,0.0,,0.0,0.0,True,,,,
,5,1,287.0,pet_600_soda,lift12,retreat_lift12,10,288.0,10.0,49.0,True,778.4,-2.9,106.7,-13.8,True,0.0,,0.0,,0.0,,0.0,,0.0,,0.0,,0.0,0.0,True,,,,
,5,1,318.0,pet_500,flat,touch,0,364.4,-0.0,30.5,True,772.4,18.6,82.2,-10.8,True,0.0,,0.0,,0.0,,0.0,,0.0,hand_jaw_B_C,0.0,,0.0,0.0,True,,,,
,5,1,318.0,pet_500,flat,lipdrop,1,364.4,-2.0,30.5,True,770.4,18.6,82.2,-10.8,True,0.0,,0.0,,0.0,,0.0,,0.0,,0.0,,0.0,0.0,True,,,,
,5,1,318.0,pet_500,flat,open,2,364.4,-2.0,49.0,True,770.4,18.6,82.2,-10.8,True,0.0,,0.0,,0.0,,0.0,,0.0,,0.0,,0.0,0.0,True,,,,
,5,1,318.0,pet_500,flat,retreat_flat,3,354.8,-2.0,49.0,True,770.4,15.9,85.7,-11.6,True,0.0,,0.0,,0.0,,0.0,,0.0,,0.0,,0.0,0.0,True,,,,
,5,1,318.0,pet_500,flat,retreat_flat,4,345.3,-2.0,49.0,True,770.4,13.3,89.0,-12.3,True,0.0,,0.0,,0.0,,0.0,,0.0,,0.0,,0.0,0.0,True,,,,
,5,1,318.0,pet_500,flat,retreat_flat,5,335.8,-2.0,49.0,True,770.4,10.6,92.3,-12.9,True,0.0,,0.0,,0.0,,0.0,,0.0,,0.0,,0.0,0.0,True,,,,
,5,1,318.0,pet_500,flat,retreat_flat,6,326.2,-2.0,49.0,True,770.4,7.9,95.4,-13.3,True,0.0,,0.0,,0.0,,0.0,,0.0,,0.0,,0.0,0.0,True,,,,
,5,1,318.0,pet_500,flat,retreat_flat,7,316.6,-2.0,49.0,True,770.4,5.2,98.4,-13.6,True,0.0,,0.0,,0.0,,0.0,,0.0,,0.0,,0.0,0.0,True,,,,
,5,1,318.0,pet_500,flat,retreat_flat,8,307.1,-2.0,49.0,True,770.4,2.5,101.3,-13.8,True,0.0,,0.0,,0.0,,0.0,,0.0,,0.0,,0.0,0.0,True,,,,
,5,1,318.0,pet_500,flat,retreat_flat,9,297.6,-2.0,49.0,True,770.4,-0.2,104.1,-13.9,True,0.0,,0.0,,0.0,,0.0,,0.0,,0.0,,0.0,0.0,True,,,,
,5,1,318.0,pet_500,flat,retreat_flat,10,288.0,-2.0,49.0,True,770.4,-2.9,106.7,-13.8,True,0.0,,0.0,,0.0,,0.0,,0.0,,0.0,,0.0,0.0,True,,,,
,5,1,318.0,pet_500,lift12,touch,0,364.4,-0.0,30.5,True,772.4,18.6,82.2,-10.8,True,0.0,,0.0,,0.0,,0.0,,0.0,hand_jaw_B_C,0.0,,0.0,0.0,True,,,,
,5,1,318.0,pet_500,lift12,lipdrop,1,364.4,-2.0,30.5,True,770.4,18.6,82.2,-10.8,True,0.0,,0.0,,0.0,,0.0,,0.0,,0.0,,0.0,0.0,True,,,,
,5,1,318.0,pet_500,lift12,open,2,364.4,-2.0,49.0,True,770.4,18.6,82.2,-10.8,True,0.0,,0.0,,0.0,,0.0,,0.0,,0.0,,0.0,0.0,True,,,,
,5,1,318.0,pet_500,lift12,retreat_lift12,3,354.8,-0.5,49.0,True,771.9,15.9,85.7,-11.6,True,0.0,,0.0,,0.0,,0.0,,0.0,,0.0,,0.0,0.0,True,,,,
,5,1,318.0,pet_500,lift12,retreat_lift12,4,345.3,1.0,49.0,True,773.4,13.3,89.0,-12.3,True,0.0,,0.0,,0.0,,0.0,,0.0,,0.0,,0.0,0.0,True,,,,
,5,1,318.0,pet_500,lift12,retreat_lift12,5,335.8,2.5,49.0,True,774.9,10.6,92.3,-12.9,True,0.0,,0.0,,0.0,,0.0,,0.0,,0.0,,0.0,0.0,True,,,,
,5,1,318.0,pet_500,lift12,retreat_lift12,6,326.2,4.0,49.0,True,776.4,7.9,95.4,-13.3,True,0.0,,0.0,,0.0,,0.0,,0.0,,0.0,,0.0,0.0,True,,,,
,5,1,318.0,pet_500,lift12,retreat_lift12,7,316.6,5.5,49.0,True,777.9,5.2,98.4,-13.6,True,0.0,,0.0,,0.0,,0.0,,0.0,,0.0,,0.0,0.0,True,,,,
,5,1,318.0,pet_500,lift12,retreat_lift12,8,307.1,7.0,49.0,True,779.4,2.5,101.3,-13.8,True,0.0,,0.0,,0.0,,0.0,,0.0,,0.0,,0.0,0.0,True,,,,
,5,1,318.0,pet_500,lift12,retreat_lift12,9,297.6,8.5,49.0,True,780.9,-0.2,104.1,-13.9,True,0.0,,0.0,,0.0,,0.0,,0.0,,0.0,,0.0,0.0,True,,,,
,5,1,318.0,pet_500,lift12,retreat_lift12,10,288.0,10.0,49.0,True,782.4,-2.9,106.7,-13.8,True,0.0,,0.0,,0.0,,0.0,,0.0,,0.0,,0.0,0.0,True,,,,
,5,1,318.0,pet_600_soda,flat,touch,0,365.2,-0.0,30.5,True,799.4,18.9,81.8,-10.7,True,0.0,,0.0,,0.0,,0.0,,0.0,,0.0,,0.0,0.0,True,,,,
,5,1,318.0,pet_600_soda,flat,lipdrop,1,365.2,-2.0,30.5,True,797.4,18.9,81.8,-10.7,True,0.0,,0.0,,0.0,,0.0,,0.0,,0.0,,0.0,0.0,True,,,,
,5,1,318.0,pet_600_soda,flat,open,2,365.2,-2.0,49.0,True,797.4,18.9,81.8,-10.7,True,0.0,,0.0,,0.0,,0.0,,0.0,,0.0,,0.0,0.0,True,,,,
,5,1,318.0,pet_600_soda,flat,retreat_flat,3,355.6,-2.0,49.0,True,797.4,16.2,85.4,-11.6,True,0.0,,0.0,,0.0,,0.0,,0.0,,0.0,,0.0,0.0,True,,,,
,5,1,318.0,pet_600_soda,flat,retreat_flat,4,345.9,-2.0,49.0,True,797.4,13.4,88.8,-12.3,True,0.0,,0.0,,0.0,,0.0,,0.0,,0.0,,0.0,0.0,True,,,,
,5,1,318.0,pet_600_soda,flat,retreat_flat,5,336.3,-2.0,49.0,True,797.4,10.7,92.1,-12.9,True,0.0,,0.0,,0.0,,0.0,,0.0,,0.0,,0.0,0.0,True,,,,
,5,1,318.0,pet_600_soda,flat,retreat_flat,6,326.6,-2.0,49.0,True,797.4,8.0,95.3,-13.3,True,0.0,,0.0,,0.0,,0.0,,0.0,,0.0,,0.0,0.0,True,,,,
,5,1,318.0,pet_600_soda,flat,retreat_flat,7,317.0,-2.0,49.0,True,797.4,5.3,98.3,-13.6,True,0.0,,0.0,,0.0,,0.0,,0.0,,0.0,,0.0,0.0,True,,,,
,5,1,318.0,pet_600_soda,flat,retreat_flat,8,307.3,-2.0,49.0,True,797.4,2.6,101.2,-13.8,True,0.0,,0.0,,0.0,,0.0,,0.0,,0.0,,0.0,0.0,True,,,,
,5,1,318.0,pet_600_soda,flat,retreat_flat,9,297.7,-2.0,49.0,True,797.4,-0.1,104.0,-13.9,True,0.0,,0.0,,0.0,,0.0,,0.0,,0.0,,0.0,0.0,True,,,,
,5,1,318.0,pet_600_soda,flat,retreat_flat,10,288.0,-2.0,49.0,True,797.4,-2.9,106.7,-13.8,True,0.0,,0.0,,0.0,,0.0,,0.0,,0.0,,0.0,0.0,True,,,,
,5,1,318.0,pet_600_soda,lift12,touch,0,365.2,-0.0,30.5,True,799.4,18.9,81.8,-10.7,True,0.0,,0.0,,0.0,,0.0,,0.0,,0.0,,0.0,0.0,True,,,,
,5,1,318.0,pet_600_soda,lift12,lipdrop,1,365.2,-2.0,30.5,True,797.4,18.9,81.8,-10.7,True,0.0,,0.0,,0.0,,0.0,,0.0,,0.0,,0.0,0.0,True,,,,
,5,1,318.0,pet_600_soda,lift12,open,2,365.2,-2.0,49.0,True,797.4,18.9,81.8,-10.7,True,0.0,,0.0,,0.0,,0.0,,0.0,,0.0,,0.0,0.0,True,,,,
,5,1,318.0,pet_600_soda,lift12,retreat_lift12,3,355.6,-0.5,49.0,True,798.9,16.2,85.4,-11.6,True,0.0,,0.0,,0.0,,0.0,,0.0,,0.0,,0.0,0.0,True,,,,
,5,1,318.0,pet_600_soda,lift12,retreat_lift12,4,345.9,1.0,49.0,True,800.4,13.4,88.8,-12.3,True,0.0,,0.0,,0.0,,0.0,,0.0,,0.0,,0.0,0.0,True,,,,
,5,1,318.0,pet_600_soda,lift12,retreat_lift12,5,336.3,2.5,49.0,True,801.9,10.7,92.1,-12.9,True,0.0,,0.0,,0.0,,0.0,,0.0,,0.0,,0.0,0.0,True,,,,
,5,1,318.0,pet_600_soda,lift12,retreat_lift12,6,326.6,4.0,49.0,True,803.4,8.0,95.3,-13.3,True,0.0,,0.0,,0.0,,0.0,,0.0,,0.0,,0.0,0.0,True,,,,
,5,1,318.0,pet_600_soda,lift12,retreat_lift12,7,317.0,5.5,49.0,True,804.9,5.3,98.3,-13.6,True,0.0,,0.0,,0.0,,0.0,,0.0,,0.0,,0.0,0.0,True,,,,
,5,1,318.0,pet_600_soda,lift12,retreat_lift12,8,307.3,7.0,49.0,True,806.4,2.6,101.2,-13.8,True,0.0,,0.0,,0.0,,0.0,,0.0,,0.0,,0.0,0.0,True,,,,
,5,1,318.0,pet_600_soda,lift12,retreat_lift12,9,297.7,8.5,49.0,True,807.9,-0.1,104.0,-13.9,True,0.0,,0.0,,0.0,,0.0,,0.0,,0.0,,0.0,0.0,True,,,,
,5,1,318.0,pet_600_soda,lift12,retreat_lift12,10,288.0,10.0,49.0,True,809.4,-2.9,106.7,-13.8,True,0.0,,0.0,,0.0,,0.0,,0.0,,0.0,,0.0,0.0,True,,,,
,5,1,381.0,pet_500,flat,touch,0,364.4,-0.0,30.5,True,835.4,18.6,82.2,-10.8,True,0.0,,0.0,,0.0,,0.0,,0.0,hand_jaw_B_C,0.0,,0.0,0.0,True,,,,
,5,1,381.0,pet_500,flat,lipdrop,1,364.4,-2.0,30.5,True,833.4,18.6,82.2,-10.8,True,0.0,,0.0,,0.0,,0.0,,0.0,,0.0,,0.0,0.0,True,,,,
,5,1,381.0,pet_500,flat,open,2,364.4,-2.0,49.0,True,833.4,18.6,82.2,-10.8,True,0.0,,0.0,,0.0,,0.0,,0.0,,0.0,,0.0,0.0,True,,,,
,5,1,381.0,pet_500,flat,retreat_flat,3,354.8,-2.0,49.0,True,833.4,15.9,85.7,-11.6,True,0.0,,0.0,,0.0,,0.0,,0.0,,0.0,,0.0,0.0,True,,,,
,5,1,381.0,pet_500,flat,retreat_flat,4,345.3,-2.0,49.0,True,833.4,13.3,89.0,-12.3,True,0.0,,0.0,,0.0,,0.0,,0.0,,0.0,,0.0,0.0,True,,,,
,5,1,381.0,pet_500,flat,retreat_flat,5,335.8,-2.0,49.0,True,833.4,10.6,92.3,-12.9,True,0.0,,0.0,,0.0,,0.0,,0.0,,0.0,,0.0,0.0,True,,,,
,5,1,381.0,pet_500,flat,retreat_flat,6,326.2,-2.0,49.0,True,833.4,7.9,95.4,-13.3,True,0.0,,0.0,,0.0,,0.0,,0.0,,0.0,,0.0,0.0,True,,,,
,5,1,381.0,pet_500,flat,retreat_flat,7,316.6,-2.0,49.0,True,833.4,5.2,98.4,-13.6,True,0.0,,0.0,,0.0,,0.0,,0.0,,0.0,,0.0,0.0,True,,,,
,5,1,381.0,pet_500,flat,retreat_flat,8,307.1,-2.0,49.0,True,833.4,2.5,101.3,-13.8,True,0.0,,0.0,,0.0,,0.0,,0.0,,0.0,,0.0,0.0,True,,,,
,5,1,381.0,pet_500,flat,retreat_flat,9,297.6,-2.0,49.0,True,833.4,-0.2,104.1,-13.9,True,0.0,,0.0,,0.0,,0.0,,0.0,,0.0,,0.0,0.0,True,,,,
,5,1,381.0,pet_500,flat,retreat_flat,10,288.0,-2.0,49.0,True,833.4,-2.9,106.7,-13.8,True,0.0,,0.0,,0.0,,0.0,,0.0,,0.0,,0.0,0.0,True,,,,
,5,1,381.0,pet_500,lift12,touch,0,364.4,-0.0,30.5,True,835.4,18.6,82.2,-10.8,True,0.0,,0.0,,0.0,,0.0,,0.0,hand_jaw_B_C,0.0,,0.0,0.0,True,,,,
,5,1,381.0,pet_500,lift12,lipdrop,1,364.4,-2.0,30.5,True,833.4,18.6,82.2,-10.8,True,0.0,,0.0,,0.0,,0.0,,0.0,,0.0,,0.0,0.0,True,,,,
,5,1,381.0,pet_500,lift12,open,2,364.4,-2.0,49.0,True,833.4,18.6,82.2,-10.8,True,0.0,,0.0,,0.0,,0.0,,0.0,,0.0,,0.0,0.0,True,,,,
,5,1,381.0,pet_500,lift12,retreat_lift12,3,354.8,-0.5,49.0,True,834.9,15.9,85.7,-11.6,True,0.0,,0.0,,0.0,,0.0,,0.0,,0.0,,0.0,0.0,True,,,,
,5,1,381.0,pet_500,lift12,retreat_lift12,4,345.3,1.0,49.0,True,836.4,13.3,89.0,-12.3,True,0.0,,0.0,,0.0,,0.0,,0.0,,0.0,,0.0,0.0,True,,,,
,5,1,381.0,pet_500,lift12,retreat_lift12,5,335.8,2.5,49.0,True,837.9,10.6,92.3,-12.9,True,0.0,,0.0,,0.0,,0.0,,0.0,,0.0,,0.0,0.0,True,,,,
,5,1,381.0,pet_500,lift12,retreat_lift12,6,326.2,4.0,49.0,True,839.4,7.9,95.4,-13.3,True,0.0,,0.0,,0.0,,0.0,,0.0,,0.0,,0.0,0.0,True,,,,
,5,1,381.0,pet_500,lift12,retreat_lift12,7,316.6,5.5,49.0,True,840.9,5.2,98.4,-13.6,True,0.0,,0.0,,0.0,,0.0,,0.0,,0.0,,0.0,0.0,True,,,,
,5,1,381.0,pet_500,lift12,retreat_lift12,8,307.1,7.0,49.0,True,842.4,2.5,101.3,-13.8,True,0.0,,0.0,,0.0,,0.0,,0.0,,0.0,,0.0,0.0,True,,,,
,5,1,381.0,pet_500,lift12,retreat_lift12,9,297.6,8.5,49.0,True,843.9,-0.2,104.1,-13.9,True,0.0,,0.0,,0.0,,0.0,,0.0,,0.0,,0.0,0.0,True,,,,
,5,1,381.0,pet_500,lift12,retreat_lift12,10,288.0,10.0,49.0,True,845.4,-2.9,106.7,-13.8,True,0.0,,0.0,,0.0,,0.0,,0.0,,0.0,,0.0,0.0,True,,,,
,5,1,381.0,pet_600_soda,flat,touch,0,365.2,-0.0,30.5,True,862.4,18.9,81.8,-10.7,True,0.0,,0.0,,0.0,,0.0,,0.0,,0.0,,0.0,0.0,True,,,,
,5,1,381.0,pet_600_soda,flat,lipdrop,1,365.2,-2.0,30.5,True,860.4,18.9,81.8,-10.7,True,0.0,,0.0,,0.0,,0.0,,0.0,,0.0,,0.0,0.0,True,,,,
,5,1,381.0,pet_600_soda,flat,open,2,365.2,-2.0,49.0,True,860.4,18.9,81.8,-10.7,True,0.0,,0.0,,0.0,,0.0,,0.0,,0.0,,0.0,0.0,True,,,,
,5,1,381.0,pet_600_soda,flat,retreat_flat,3,355.6,-2.0,49.0,True,860.4,16.2,85.4,-11.6,True,0.0,,0.0,,0.0,,0.0,,0.0,,0.0,,0.0,0.0,True,,,,
,5,1,381.0,pet_600_soda,flat,retreat_flat,4,345.9,-2.0,49.0,True,860.4,13.4,88.8,-12.3,True,0.0,,0.0,,0.0,,0.0,,0.0,,0.0,,0.0,0.0,True,,,,
,5,1,381.0,pet_600_soda,flat,retreat_flat,5,336.3,-2.0,49.0,True,860.4,10.7,92.1,-12.9,True,0.0,,0.0,,0.0,,0.0,,0.0,,0.0,,0.0,0.0,True,,,,
,5,1,381.0,pet_600_soda,flat,retreat_flat,6,326.6,-2.0,49.0,True,860.4,8.0,95.3,-13.3,True,0.0,,0.0,,0.0,,0.0,,0.0,,0.0,,0.0,0.0,True,,,,
,5,1,381.0,pet_600_soda,flat,retreat_flat,7,317.0,-2.0,49.0,True,860.4,5.3,98.3,-13.6,True,0.0,,0.0,,0.0,,0.0,,0.0,,0.0,,0.0,0.0,True,,,,
,5,1,381.0,pet_600_soda,flat,retreat_flat,8,307.3,-2.0,49.0,True,860.4,2.6,101.2,-13.8,True,0.0,,0.0,,0.0,,0.0,,0.0,,0.0,,0.0,0.0,True,,,,
,5,1,381.0,pet_600_soda,flat,retreat_flat,9,297.7,-2.0,49.0,True,860.4,-0.1,104.0,-13.9,True,0.0,,0.0,,0.0,,0.0,,0.0,,0.0,,0.0,0.0,True,,,,
,5,1,381.0,pet_600_soda,flat,retreat_flat,10,288.0,-2.0,49.0,True,860.4,-2.9,106.7,-13.8,True,0.0,,0.0,,0.0,,0.0,,0.0,,0.0,,0.0,0.0,True,,,,
,5,1,381.0,pet_600_soda,lift12,touch,0,365.2,-0.0,30.5,True,862.4,18.9,81.8,-10.7,True,0.0,,0.0,,0.0,,0.0,,0.0,,0.0,,0.0,0.0,True,,,,
,5,1,381.0,pet_600_soda,lift12,lipdrop,1,365.2,-2.0,30.5,True,860.4,18.9,81.8,-10.7,True,0.0,,0.0,,0.0,,0.0,,0.0,,0.0,,0.0,0.0,True,,,,
,5,1,381.0,pet_600_soda,lift12,open,2,365.2,-2.0,49.0,True,860.4,18.9,81.8,-10.7,True,0.0,,0.0,,0.0,,0.0,,0.0,,0.0,,0.0,0.0,True,,,,
,5,1,381.0,pet_600_soda,lift12,retreat_lift12,3,355.6,-0.5,49.0,True,861.9,16.2,85.4,-11.6,True,0.0,,0.0,,0.0,,0.0,,0.0,,0.0,,0.0,0.0,True,,,,
,5,1,381.0,pet_600_soda,lift12,retreat_lift12,4,345.9,1.0,49.0,True,863.4,13.4,88.8,-12.3,True,0.0,,0.0,,0.0,,0.0,,0.0,,0.0,,0.0,0.0,True,,,,
,5,1,381.0,pet_600_soda,lift12,retreat_lift12,5,336.3,2.5,49.0,True,864.9,10.7,92.1,-12.9,True,0.0,,0.0,,0.0,,0.0,,0.0,,0.0,,0.0,0.0,True,,,,
,5,1,381.0,pet_600_soda,lift12,retreat_lift12,6,326.6,4.0,49.0,True,866.4,8.0,95.3,-13.3,True,0.0,,0.0,,0.0,,0.0,,0.0,,0.0,,0.0,0.0,True,,,,
,5,1,381.0,pet_600_soda,lift12,retreat_lift12,7,317.0,5.5,49.0,True,867.9,5.3,98.3,-13.6,True,0.0,,0.0,,0.0,,0.0,,0.0,,0.0,,0.0,0.0,True,,,,
,5,1,381.0,pet_600_soda,lift12,retreat_lift12,8,307.3,7.0,49.0,True,869.4,2.6,101.2,-13.8,True,0.0,,0.0,,0.0,,0.0,,0.0,,0.0,,0.0,0.0,True,,,,
,5,1,381.0,pet_600_soda,lift12,retreat_lift12,9,297.7,8.5,49.0,True,870.9,-0.1,104.0,-13.9,True,0.0,,0.0,,0.0,,0.0,,0.0,,0.0,,0.0,0.0,True,,,,
,5,1,381.0,pet_600_soda,lift12,retreat_lift12,10,288.0,10.0,49.0,True,872.4,-2.9,106.7,-13.8,True,0.0,,0.0,,0.0,,0.0,,0.0,,0.0,,0.0,0.0,True,,,,
